--
-- PostgreSQL database dump
--

\restrict bIjzu2i9lBwDT7aHttc7Z6X2f6nHvZPgfQQ9xA6K0LbgJuPkjI9yyc3jSGwhwyh

-- Dumped from database version 18.3
-- Dumped by pg_dump version 18.3

-- Started on 2026-05-04 21:37:59

SET statement_timeout = 0;
SET lock_timeout = 0;
SET idle_in_transaction_session_timeout = 0;
SET transaction_timeout = 0;
SET client_encoding = 'UTF8';
SET standard_conforming_strings = on;
SELECT pg_catalog.set_config('search_path', '', false);
SET check_function_bodies = false;
SET xmloption = content;
SET client_min_messages = warning;
SET row_security = off;

SET default_tablespace = '';

SET default_table_access_method = heap;

--
-- TOC entry 234 (class 1259 OID 16799)
-- Name: Dishes; Type: TABLE; Schema: public; Owner: postgres
--

CREATE TABLE public."Dishes" (
    "DishId" integer NOT NULL,
    "Name" character varying(150) NOT NULL,
    "Description" character varying(255),
    "Price" numeric NOT NULL,
    "Category" character varying(100) NOT NULL,
    "IsAvailable" boolean NOT NULL,
    "AuditCreateUser" integer NOT NULL,
    "AuditCreateDate" timestamp with time zone NOT NULL,
    "AuditUpdateUser" integer,
    "AuditUpdateDate" timestamp with time zone,
    "AuditDeleteUser" integer,
    "AuditDeleteDate" timestamp with time zone,
    "State" text
);


ALTER TABLE public."Dishes" OWNER TO postgres;

--
-- TOC entry 233 (class 1259 OID 16798)
-- Name: Dishes_DishId_seq; Type: SEQUENCE; Schema: public; Owner: postgres
--

ALTER TABLE public."Dishes" ALTER COLUMN "DishId" ADD GENERATED BY DEFAULT AS IDENTITY (
    SEQUENCE NAME public."Dishes_DishId_seq"
    START WITH 1
    INCREMENT BY 1
    NO MINVALUE
    NO MAXVALUE
    CACHE 1
);


--
-- TOC entry 228 (class 1259 OID 16711)
-- Name: MenuRoles; Type: TABLE; Schema: public; Owner: postgres
--

CREATE TABLE public."MenuRoles" (
    "MenuId" integer NOT NULL,
    "RoleId" integer NOT NULL,
    "State" text,
    "AuditCreateUser" integer NOT NULL,
    "AuditCreateDate" timestamp with time zone NOT NULL,
    "AuditUpdateUser" integer,
    "AuditUpdateDate" timestamp with time zone,
    "AuditDeleteUser" integer,
    "AuditDeleteDate" timestamp with time zone
);


ALTER TABLE public."MenuRoles" OWNER TO postgres;

--
-- TOC entry 221 (class 1259 OID 16653)
-- Name: Menus; Type: TABLE; Schema: public; Owner: postgres
--

CREATE TABLE public."Menus" (
    "MenuId" integer NOT NULL,
    "Position" integer NOT NULL,
    "Name" character varying(150) NOT NULL,
    "Icon" character varying(50),
    "Url" character varying(150),
    "FatherId" integer,
    "State" text,
    "AuditCreateUser" integer NOT NULL,
    "AuditCreateDate" timestamp with time zone NOT NULL,
    "AuditUpdateUser" integer,
    "AuditUpdateDate" timestamp with time zone,
    "AuditDeleteUser" integer,
    "AuditDeleteDate" timestamp with time zone
);


ALTER TABLE public."Menus" OWNER TO postgres;

--
-- TOC entry 220 (class 1259 OID 16652)
-- Name: Menus_MenuId_seq; Type: SEQUENCE; Schema: public; Owner: postgres
--

ALTER TABLE public."Menus" ALTER COLUMN "MenuId" ADD GENERATED BY DEFAULT AS IDENTITY (
    SEQUENCE NAME public."Menus_MenuId_seq"
    START WITH 1
    INCREMENT BY 1
    NO MINVALUE
    NO MAXVALUE
    CACHE 1
);


--
-- TOC entry 238 (class 1259 OID 16828)
-- Name: OrderDetails; Type: TABLE; Schema: public; Owner: postgres
--

CREATE TABLE public."OrderDetails" (
    "OrderDetailId" integer NOT NULL,
    "OrderId" integer NOT NULL,
    "DishId" integer NOT NULL,
    "Quantity" integer NOT NULL,
    "UnitPrice" numeric NOT NULL,
    "Notes" character varying(255),
    "AuditCreateUser" integer NOT NULL,
    "AuditCreateDate" timestamp with time zone NOT NULL,
    "AuditUpdateUser" integer,
    "AuditUpdateDate" timestamp with time zone,
    "AuditDeleteUser" integer,
    "AuditDeleteDate" timestamp with time zone,
    "State" text
);


ALTER TABLE public."OrderDetails" OWNER TO postgres;

--
-- TOC entry 237 (class 1259 OID 16827)
-- Name: OrderDetails_OrderDetailId_seq; Type: SEQUENCE; Schema: public; Owner: postgres
--

ALTER TABLE public."OrderDetails" ALTER COLUMN "OrderDetailId" ADD GENERATED BY DEFAULT AS IDENTITY (
    SEQUENCE NAME public."OrderDetails_OrderDetailId_seq"
    START WITH 1
    INCREMENT BY 1
    NO MINVALUE
    NO MAXVALUE
    CACHE 1
);


--
-- TOC entry 236 (class 1259 OID 16814)
-- Name: Orders; Type: TABLE; Schema: public; Owner: postgres
--

CREATE TABLE public."Orders" (
    "OrderId" integer NOT NULL,
    "TableNumber" integer NOT NULL,
    "WaiterName" character varying(100) NOT NULL,
    "Status" character varying(30) NOT NULL,
    "AuditCreateUser" integer NOT NULL,
    "AuditCreateDate" timestamp with time zone NOT NULL,
    "AuditUpdateUser" integer,
    "AuditUpdateDate" timestamp with time zone,
    "AuditDeleteUser" integer,
    "AuditDeleteDate" timestamp with time zone,
    "State" text
);


ALTER TABLE public."Orders" OWNER TO postgres;

--
-- TOC entry 235 (class 1259 OID 16813)
-- Name: Orders_OrderId_seq; Type: SEQUENCE; Schema: public; Owner: postgres
--

ALTER TABLE public."Orders" ALTER COLUMN "OrderId" ADD GENERATED BY DEFAULT AS IDENTITY (
    SEQUENCE NAME public."Orders_OrderId_seq"
    START WITH 1
    INCREMENT BY 1
    NO MINVALUE
    NO MAXVALUE
    CACHE 1
);


--
-- TOC entry 227 (class 1259 OID 16693)
-- Name: Permissions; Type: TABLE; Schema: public; Owner: postgres
--

CREATE TABLE public."Permissions" (
    "PermissionId" integer NOT NULL,
    "Name" character varying(100) NOT NULL,
    "Description" character varying(255),
    "Slug" text NOT NULL,
    "MenuId" integer NOT NULL,
    "State" text,
    "AuditCreateUser" integer NOT NULL,
    "AuditCreateDate" timestamp with time zone NOT NULL,
    "AuditUpdateUser" integer,
    "AuditUpdateDate" timestamp with time zone,
    "AuditDeleteUser" integer,
    "AuditDeleteDate" timestamp with time zone
);


ALTER TABLE public."Permissions" OWNER TO postgres;

--
-- TOC entry 226 (class 1259 OID 16692)
-- Name: Permissions_PermissionId_seq; Type: SEQUENCE; Schema: public; Owner: postgres
--

ALTER TABLE public."Permissions" ALTER COLUMN "PermissionId" ADD GENERATED BY DEFAULT AS IDENTITY (
    SEQUENCE NAME public."Permissions_PermissionId_seq"
    START WITH 1
    INCREMENT BY 1
    NO MINVALUE
    NO MAXVALUE
    CACHE 1
);


--
-- TOC entry 229 (class 1259 OID 16732)
-- Name: RefreshTokens; Type: TABLE; Schema: public; Owner: postgres
--

CREATE TABLE public."RefreshTokens" (
    "Id" uuid NOT NULL,
    "Token" character varying(200) NOT NULL,
    "UserId" integer NOT NULL,
    "ExpiresOnUtc" timestamp with time zone NOT NULL
);


ALTER TABLE public."RefreshTokens" OWNER TO postgres;

--
-- TOC entry 232 (class 1259 OID 16769)
-- Name: RolePermissions; Type: TABLE; Schema: public; Owner: postgres
--

CREATE TABLE public."RolePermissions" (
    "RoleId" integer NOT NULL,
    "PermissionId" integer NOT NULL,
    "State" text,
    "AuditCreateUser" integer NOT NULL,
    "AuditCreateDate" timestamp with time zone NOT NULL,
    "AuditUpdateUser" integer,
    "AuditUpdateDate" timestamp with time zone,
    "AuditDeleteUser" integer,
    "AuditDeleteDate" timestamp with time zone
);


ALTER TABLE public."RolePermissions" OWNER TO postgres;

--
-- TOC entry 223 (class 1259 OID 16666)
-- Name: Roles; Type: TABLE; Schema: public; Owner: postgres
--

CREATE TABLE public."Roles" (
    "RoleId" integer NOT NULL,
    "Name" character varying(50) NOT NULL,
    "Description" character varying(255),
    "State" text,
    "AuditCreateUser" integer NOT NULL,
    "AuditCreateDate" timestamp with time zone NOT NULL,
    "AuditUpdateUser" integer,
    "AuditUpdateDate" timestamp with time zone,
    "AuditDeleteUser" integer,
    "AuditDeleteDate" timestamp with time zone
);


ALTER TABLE public."Roles" OWNER TO postgres;

--
-- TOC entry 222 (class 1259 OID 16665)
-- Name: Roles_RoleId_seq; Type: SEQUENCE; Schema: public; Owner: postgres
--

ALTER TABLE public."Roles" ALTER COLUMN "RoleId" ADD GENERATED BY DEFAULT AS IDENTITY (
    SEQUENCE NAME public."Roles_RoleId_seq"
    START WITH 1
    INCREMENT BY 1
    NO MINVALUE
    NO MAXVALUE
    CACHE 1
);


--
-- TOC entry 231 (class 1259 OID 16747)
-- Name: UserRoles; Type: TABLE; Schema: public; Owner: postgres
--

CREATE TABLE public."UserRoles" (
    "UserRoleId" integer NOT NULL,
    "UserId" integer NOT NULL,
    "RoleId" integer NOT NULL,
    "State" text,
    "AuditCreateUser" integer NOT NULL,
    "AuditCreateDate" timestamp with time zone NOT NULL,
    "AuditUpdateUser" integer,
    "AuditUpdateDate" timestamp with time zone,
    "AuditDeleteUser" integer,
    "AuditDeleteDate" timestamp with time zone
);


ALTER TABLE public."UserRoles" OWNER TO postgres;

--
-- TOC entry 230 (class 1259 OID 16746)
-- Name: UserRoles_UserRoleId_seq; Type: SEQUENCE; Schema: public; Owner: postgres
--

ALTER TABLE public."UserRoles" ALTER COLUMN "UserRoleId" ADD GENERATED BY DEFAULT AS IDENTITY (
    SEQUENCE NAME public."UserRoles_UserRoleId_seq"
    START WITH 1
    INCREMENT BY 1
    NO MINVALUE
    NO MAXVALUE
    CACHE 1
);


--
-- TOC entry 225 (class 1259 OID 16678)
-- Name: Users; Type: TABLE; Schema: public; Owner: postgres
--

CREATE TABLE public."Users" (
    "UserId" integer NOT NULL,
    "FirstName" character varying(50) NOT NULL,
    "LastName" character varying(100) NOT NULL,
    "Email" text NOT NULL,
    "Password" text NOT NULL,
    "State" text,
    "AuditCreateUser" integer NOT NULL,
    "AuditCreateDate" timestamp with time zone NOT NULL,
    "AuditUpdateUser" integer,
    "AuditUpdateDate" timestamp with time zone,
    "AuditDeleteUser" integer,
    "AuditDeleteDate" timestamp with time zone
);


ALTER TABLE public."Users" OWNER TO postgres;

--
-- TOC entry 224 (class 1259 OID 16677)
-- Name: Users_UserId_seq; Type: SEQUENCE; Schema: public; Owner: postgres
--

ALTER TABLE public."Users" ALTER COLUMN "UserId" ADD GENERATED BY DEFAULT AS IDENTITY (
    SEQUENCE NAME public."Users_UserId_seq"
    START WITH 1
    INCREMENT BY 1
    NO MINVALUE
    NO MAXVALUE
    CACHE 1
);


--
-- TOC entry 219 (class 1259 OID 16645)
-- Name: __EFMigrationsHistory; Type: TABLE; Schema: public; Owner: postgres
--

CREATE TABLE public."__EFMigrationsHistory" (
    "MigrationId" character varying(150) NOT NULL,
    "ProductVersion" character varying(32) NOT NULL
);


ALTER TABLE public."__EFMigrationsHistory" OWNER TO postgres;

--
-- TOC entry 5113 (class 0 OID 16799)
-- Dependencies: 234
-- Data for Name: Dishes; Type: TABLE DATA; Schema: public; Owner: postgres
--

COPY public."Dishes" ("DishId", "Name", "Description", "Price", "Category", "IsAvailable", "AuditCreateUser", "AuditCreateDate", "AuditUpdateUser", "AuditUpdateDate", "AuditDeleteUser", "AuditDeleteDate", "State") FROM stdin;
1	Empanadas de carne	Empanadas criollas con ají casero (3 unidades)	12000.00	Entradas	t	1	2026-04-27 19:48:59-05	1	2026-04-27 19:48:59-05	\N	\N	1
2	Patacones con hogao	Patacones verdes con hogao de tomate y cebolla	10000.00	Entradas	t	1	2026-04-27 19:48:59-05	1	2026-04-27 19:48:59-05	\N	\N	1
3	Arepa de choclo con queso	Arepa dulce de maíz tierno con queso campesino	8000.00	Entradas	t	1	2026-04-27 19:48:59-05	1	2026-04-27 19:48:59-05	\N	\N	1
4	Chicharrón con limón	Chicharrón crocante con limón y ají	15000.00	Entradas	t	1	2026-04-27 19:48:59-05	1	2026-04-27 19:48:59-05	\N	\N	1
6	Bandeja Paisa	Frijoles, arroz, carne molida, chicharrón, huevo, plátano, arepa, aguacate y chorizo	28000.00	Platos Fuertes	t	1	2026-04-27 19:48:59-05	1	2026-04-27 19:48:59-05	\N	\N	1
7	Ajiaco Santafereño	Sopa de tres papas con pollo, mazorca, guascas, crema y alcaparras	24000.00	Platos Fuertes	t	1	2026-04-27 19:48:59-05	1	2026-04-27 19:48:59-05	\N	\N	1
8	Pescado frito con patacón	Mojarra frita con arroz de coco, patacón y ensalada	26000.00	Platos Fuertes	t	1	2026-04-27 19:48:59-05	1	2026-04-27 19:48:59-05	\N	\N	1
9	Lomo de cerdo en salsa BBQ	Lomo de cerdo a la parrilla con salsa BBQ casera, papas criollas y ensalada	30000.00	Platos Fuertes	t	1	2026-04-27 19:48:59-05	1	2026-04-27 19:48:59-05	\N	\N	1
10	Pollo a la plancha	Pechuga a la plancha con arroz, ensalada y papas a la francesa	22000.00	Platos Fuertes	t	1	2026-04-27 19:48:59-05	1	2026-04-27 19:48:59-05	\N	\N	1
11	Cazuela de mariscos	Cazuela de mariscos con arroz de coco	35000.00	Platos Fuertes	t	1	2026-04-27 19:48:59-05	1	2026-04-27 19:48:59-05	\N	\N	1
12	Trucha al ajillo	Trucha fresca al ajillo con vegetales salteados y arroz	27000.00	Platos Fuertes	f	1	2026-04-27 19:48:59-05	1	2026-04-27 19:48:59-05	\N	\N	1
13	Sancocho de gallina	Sancocho tradicional con gallina criolla, yuca, plátano y mazorca	20000.00	Sopas	t	1	2026-04-27 19:48:59-05	1	2026-04-27 19:48:59-05	\N	\N	1
14	Sopa de tortilla	Sopa cremosa de tortilla con trozos de pollo y aguacate	16000.00	Sopas	t	1	2026-04-27 19:48:59-05	1	2026-04-27 19:48:59-05	\N	\N	1
15	Mondongo	Mondongo tradicional con papa, yuca y cilantro	18000.00	Sopas	t	1	2026-04-27 19:48:59-05	1	2026-04-27 19:48:59-05	\N	\N	1
17	Jugo de lulo	Jugo natural de lulo en agua	6000.00	Bebidas	t	1	2026-04-27 19:48:59-05	1	2026-04-27 19:48:59-05	\N	\N	1
18	Agua de panela con limón	Agua de panela fría con rodajas de limón	5000.00	Bebidas	t	1	2026-04-27 19:48:59-05	1	2026-04-27 19:48:59-05	\N	\N	1
20	Gaseosa	Coca-Cola, Sprite o Colombiana 350ml	4000.00	Bebidas	t	1	2026-04-27 19:48:59-05	1	2026-04-27 19:48:59-05	\N	\N	1
21	Tres leches	Pastel de tres leches con canela	12000.00	Postres	t	1	2026-04-27 19:48:59-05	1	2026-04-27 19:48:59-05	\N	\N	1
22	Arroz con leche	Arroz con leche casero con canela y pasas	8000.00	Postres	t	1	2026-04-27 19:48:59-05	1	2026-04-27 19:48:59-05	\N	\N	1
23	Natilla con buñuelos	Natilla tradicional con buñuelos (3 unidades)	10000.00	Postres	t	1	2026-04-27 19:48:59-05	1	2026-04-27 19:48:59-05	\N	\N	1
5	Ceviche de camarón	Ceviche fresco con camarón, limón y cilantro	18000.00	Entradas	t	1	2026-04-27 19:48:59-05	1	2026-04-29 00:04:30.940751-05	\N	\N	1
24	Helado de guanábana	Helado artesanal de guanábana (2 bolas)	9000.00	Postres	f	1	2026-04-27 19:48:59-05	1	2026-04-29 00:05:21.987184-05	\N	\N	1
25	Bandeja Paisa Ejecutiva	Versión personal con frijoles, arroz, carne molida, charrón y huevo	22000	PLATOS FUERTE	t	1	2026-04-28 08:54:59.946818-05	1	2026-04-29 22:32:35.419551-05	\N	\N	1
16	Limonada de coco	Limonada natural con leche de coco	7000.00	Bebidas	f	1	2026-04-27 19:48:59-05	1	2026-05-04 17:41:37.847305-05	\N	\N	1
19	Cerveza Club Colombia	Cerveza Club Colombia dorada 330ml	8000	Bebidas	t	1	2026-04-27 19:48:59-05	1	2026-05-04 20:14:02.272941-05	\N	\N	1
26	GUARAPO	JUGO DE CAÑA	12000	Bebidas	t	1	2026-05-04 20:14:35.660223-05	1	2026-05-04 20:14:57.658051-05	\N	\N	1
27	CARNE LLANERA	DE LOS LLANOS ORIENTALES	25000	Platos Fuertes	f	1	2026-05-04 20:17:24.99609-05	1	2026-05-04 20:18:07.27044-05	\N	\N	1
\.


--
-- TOC entry 5107 (class 0 OID 16711)
-- Dependencies: 228
-- Data for Name: MenuRoles; Type: TABLE DATA; Schema: public; Owner: postgres
--

COPY public."MenuRoles" ("MenuId", "RoleId", "State", "AuditCreateUser", "AuditCreateDate", "AuditUpdateUser", "AuditUpdateDate", "AuditDeleteUser", "AuditDeleteDate") FROM stdin;
1	2	1	1	2025-07-28 02:44:32.023315-05	\N	\N	\N	\N
2	2	1	1	2025-07-28 03:20:39.276977-05	\N	\N	\N	\N
3	2	1	1	2025-07-28 03:20:39.34662-05	\N	\N	\N	\N
4	2	1	1	2026-03-14 10:31:20.818941-05	\N	\N	\N	\N
5	2	1	1	2026-03-14 10:31:52.288893-05	\N	\N	\N	\N
11	2	1	1	2025-07-28 03:01:09.633381-05	\N	\N	\N	\N
11	3	1	1	2025-07-28 00:38:21.633215-05	\N	\N	\N	\N
12	2	1	1	2025-07-28 02:32:51.204054-05	\N	\N	\N	\N
12	3	1	1	2026-03-15 16:35:56.309259-05	\N	\N	\N	\N
13	2	1	1	2025-07-28 02:32:51.24872-05	\N	\N	\N	\N
15	2	1	1	2025-07-28 02:32:51.249845-05	\N	\N	\N	\N
\.


--
-- TOC entry 5100 (class 0 OID 16653)
-- Dependencies: 221
-- Data for Name: Menus; Type: TABLE DATA; Schema: public; Owner: postgres
--

COPY public."Menus" ("MenuId", "Position", "Name", "Icon", "Url", "FatherId", "State", "AuditCreateUser", "AuditCreateDate", "AuditUpdateUser", "AuditUpdateDate", "AuditDeleteUser", "AuditDeleteDate") FROM stdin;
6	6	Proveedores	app_registration	registro-auditoria	\N	1	1	2024-04-30 10:07:50-05	\N	\N	\N	\N
7	7	Clientes	autorenew	suscripcion	\N	1	1	2024-04-30 10:07:25-05	\N	\N	\N	\N
8	8	Procesos	category	\N	\N	1	1	2024-04-30 09:51:25-05	\N	\N	\N	\N
11	11	Configuración	tune	\N	\N	1	1	2024-04-30 00:00:00-05	\N	\N	\N	\N
9	9	Proceso de Compras	visibility	visual-settings	8	1	1	2024-04-30 10:09:48-05	\N	\N	\N	\N
10	10	Proceso de Ventas	language	webhook-subscriptions	8	1	1	2024-04-30 10:10:53-05	\N	\N	\N	\N
12	12	Usuarios	group	users	11	1	1	2024-04-30 10:11:56-05	\N	\N	\N	\N
13	13	Roles	manage_accounts	roles	11	1	1	2024-04-30 10:12:15-05	\N	\N	\N	\N
14	14	Permisos	settings	configuraciones	11	0	1	2024-04-30 10:12:00-05	\N	\N	\N	\N
15	15	Rol de Usuarios	admin_panel_settings	role-users	11	1	1	2025-02-09 16:26:30-05	\N	\N	\N	\N
16	17	Roles	manage_accounts	roles	11	0	1	2025-02-09 16:59:56-05	\N	\N	\N	\N
17	19	Rol de usuarios	admin_panel_settings	role-users	11	0	1	2025-02-09 16:35:10-05	\N	\N	\N	\N
3	3	Pedidos	receipt	\N	\N	1	1	2024-04-30 09:49:50-05	\N	\N	\N	\N
2	2	Platos	restaurant_menu	dishes	3	1	1	2024-04-30 09:55:26-05	\N	\N	\N	\N
4	4	Ordenes	assignment	orders	3	1	1	2024-04-30 10:05:25-05	\N	\N	\N	\N
5	5	Reportes	storage	reports	3	1	1	2024-04-30 10:06:25-05	\N	\N	\N	\N
1	1	Inicio	home	home	\N	1	1	2024-04-30 09:49:15-05	\N	\N	\N	\N
\.


--
-- TOC entry 5117 (class 0 OID 16828)
-- Dependencies: 238
-- Data for Name: OrderDetails; Type: TABLE DATA; Schema: public; Owner: postgres
--

COPY public."OrderDetails" ("OrderDetailId", "OrderId", "DishId", "Quantity", "UnitPrice", "Notes", "AuditCreateUser", "AuditCreateDate", "AuditUpdateUser", "AuditUpdateDate", "AuditDeleteUser", "AuditDeleteDate", "State") FROM stdin;
1	1	1	2	12000.00		1	2026-04-27 19:48:59-05	1	2026-04-27 19:48:59-05	\N	\N	1
2	1	6	2	28000.00		1	2026-04-27 19:48:59-05	1	2026-04-27 19:48:59-05	\N	\N	1
3	1	16	2	7000.00		1	2026-04-27 19:48:59-05	1	2026-04-27 19:48:59-05	\N	\N	1
4	1	21	1	12000.00		1	2026-04-27 19:48:59-05	1	2026-04-27 19:48:59-05	\N	\N	1
5	2	4	1	15000.00		1	2026-04-27 19:48:59-05	1	2026-04-27 19:48:59-05	\N	\N	1
6	2	7	1	24000.00		1	2026-04-27 19:48:59-05	1	2026-04-27 19:48:59-05	\N	\N	1
7	2	17	2	6000.00		1	2026-04-27 19:48:59-05	1	2026-04-27 19:48:59-05	\N	\N	1
8	2	22	2	8000.00		1	2026-04-27 19:48:59-05	1	2026-04-27 19:48:59-05	\N	\N	1
9	3	6	3	28000.00		1	2026-04-27 19:48:59-05	1	2026-04-27 19:48:59-05	\N	\N	1
10	3	19	3	8000.00		1	2026-04-27 19:48:59-05	1	2026-04-27 19:48:59-05	\N	\N	1
11	3	2	1	10000.00		1	2026-04-27 19:48:59-05	1	2026-04-27 19:48:59-05	\N	\N	1
12	4	8	2	26000.00		1	2026-04-27 19:48:59-05	1	2026-04-27 19:48:59-05	\N	\N	1
13	4	13	2	20000.00	sin cilantro	1	2026-04-27 19:48:59-05	1	2026-04-27 19:48:59-05	\N	\N	1
14	4	16	4	7000.00		1	2026-04-27 19:48:59-05	1	2026-04-27 19:48:59-05	\N	\N	1
15	4	23	2	10000.00		1	2026-04-27 19:48:59-05	1	2026-04-27 19:48:59-05	\N	\N	1
16	5	9	2	30000.00		1	2026-04-27 19:48:59-05	1	2026-04-27 19:48:59-05	\N	\N	1
17	5	3	2	8000.00		1	2026-04-27 19:48:59-05	1	2026-04-27 19:48:59-05	\N	\N	1
18	5	18	2	5000.00		1	2026-04-27 19:48:59-05	1	2026-04-27 19:48:59-05	\N	\N	1
19	5	21	2	12000.00		1	2026-04-27 19:48:59-05	1	2026-04-27 19:48:59-05	\N	\N	1
20	6	11	2	35000.00		1	2026-04-27 19:48:59-05	1	2026-04-27 19:48:59-05	\N	\N	1
21	6	1	1	12000.00		1	2026-04-27 19:48:59-05	1	2026-04-27 19:48:59-05	\N	\N	1
22	6	19	2	8000.00		1	2026-04-27 19:48:59-05	1	2026-04-27 19:48:59-05	\N	\N	1
23	6	16	1	7000.00		1	2026-04-27 19:48:59-05	1	2026-04-27 19:48:59-05	\N	\N	1
24	7	6	1	28000.00		1	2026-04-27 19:48:59-05	1	2026-04-27 19:48:59-05	\N	\N	1
25	7	10	1	22000.00		1	2026-04-27 19:48:59-05	1	2026-04-27 19:48:59-05	\N	\N	1
26	7	17	2	6000.00		1	2026-04-27 19:48:59-05	1	2026-04-27 19:48:59-05	\N	\N	1
27	7	22	1	8000.00		1	2026-04-27 19:48:59-05	1	2026-04-27 19:48:59-05	\N	\N	1
28	8	14	2	16000.00		1	2026-04-27 19:48:59-05	1	2026-04-27 19:48:59-05	\N	\N	1
29	8	9	1	30000.00	término medio	1	2026-04-27 19:48:59-05	1	2026-04-27 19:48:59-05	\N	\N	1
30	8	20	3	4000.00		1	2026-04-27 19:48:59-05	1	2026-04-27 19:48:59-05	\N	\N	1
31	9	6	4	28000.00	una sin huevo	1	2026-04-27 19:48:59-05	1	2026-04-27 19:48:59-05	\N	\N	1
32	9	16	4	7000.00		1	2026-04-27 19:48:59-05	1	2026-04-27 19:48:59-05	\N	\N	1
33	9	23	2	10000.00		1	2026-04-27 19:48:59-05	1	2026-04-27 19:48:59-05	\N	\N	1
34	10	15	2	18000.00		1	2026-04-27 19:48:59-05	1	2026-04-27 19:48:59-05	\N	\N	1
35	10	2	2	10000.00		1	2026-04-27 19:48:59-05	1	2026-04-27 19:48:59-05	\N	\N	1
36	10	18	2	5000.00		1	2026-04-27 19:48:59-05	1	2026-04-27 19:48:59-05	\N	\N	1
37	11	8	1	26000.00		1	2026-04-27 19:48:59-05	1	2026-04-27 19:48:59-05	\N	\N	1
38	11	7	1	24000.00		1	2026-04-27 19:48:59-05	1	2026-04-27 19:48:59-05	\N	\N	1
39	11	19	2	8000.00		1	2026-04-27 19:48:59-05	1	2026-04-27 19:48:59-05	\N	\N	1
40	11	21	1	12000.00		1	2026-04-27 19:48:59-05	1	2026-04-27 19:48:59-05	\N	\N	1
41	12	6	2	28000.00		1	2026-04-27 19:48:59-05	1	2026-04-27 19:48:59-05	\N	\N	1
42	12	13	1	20000.00		1	2026-04-27 19:48:59-05	1	2026-04-27 19:48:59-05	\N	\N	1
43	12	16	3	7000.00		1	2026-04-27 19:48:59-05	1	2026-04-27 19:48:59-05	\N	\N	1
44	12	23	1	10000.00		1	2026-04-27 19:48:59-05	1	2026-04-27 19:48:59-05	\N	\N	1
45	13	10	2	22000.00		1	2026-04-27 19:48:59-05	1	2026-04-27 19:48:59-05	\N	\N	1
46	13	1	1	12000.00		1	2026-04-27 19:48:59-05	1	2026-04-27 19:48:59-05	\N	\N	1
47	13	17	2	6000.00		1	2026-04-27 19:48:59-05	1	2026-04-27 19:48:59-05	\N	\N	1
48	14	11	1	35000.00		1	2026-04-27 19:48:59-05	1	2026-04-27 19:48:59-05	\N	\N	1
49	14	4	1	15000.00		1	2026-04-27 19:48:59-05	1	2026-04-27 19:48:59-05	\N	\N	1
50	14	16	2	7000.00		1	2026-04-27 19:48:59-05	1	2026-04-27 19:48:59-05	\N	\N	1
51	15	6	1	28000.00		1	2026-04-27 19:48:59-05	1	2026-04-27 19:48:59-05	\N	\N	1
52	15	9	1	30000.00		1	2026-04-27 19:48:59-05	1	2026-04-27 19:48:59-05	\N	\N	1
53	15	19	2	8000.00		1	2026-04-27 19:48:59-05	1	2026-04-27 19:48:59-05	\N	\N	1
54	15	22	2	8000.00		1	2026-04-27 19:48:59-05	1	2026-04-27 19:48:59-05	\N	\N	1
57	17	11	2	35000.00		1	2026-04-27 19:48:59-05	1	2026-04-27 19:48:59-05	\N	\N	1
58	17	16	2	7000.00		1	2026-04-27 19:48:59-05	1	2026-04-27 19:48:59-05	\N	\N	1
59	17	21	1	12000.00		1	2026-04-27 19:48:59-05	1	2026-04-27 19:48:59-05	\N	\N	1
60	18	10	3	22000.00		1	2026-04-27 19:48:59-05	1	2026-04-27 19:48:59-05	\N	\N	1
61	18	20	3	4000.00	bien frías	1	2026-04-27 19:48:59-05	1	2026-04-27 19:48:59-05	\N	\N	1
62	19	2	1	10000.00	\N	1	2026-04-28 22:16:35.433906-05	\N	\N	\N	\N	1
63	19	1	2	12000.00	CON SALSA	1	2026-04-28 22:16:57.056676-05	\N	\N	\N	\N	1
64	20	7	2	24000.00	\N	1	2026-04-28 22:20:43.309593-05	\N	\N	\N	\N	1
65	20	4	1	15000.00	\N	1	2026-04-28 22:20:55.189891-05	\N	\N	\N	\N	1
66	20	1	6	12000.00	\N	1	2026-04-28 22:23:02.963976-05	1	2026-04-28 22:33:36.524024-05	\N	\N	1
67	20	2	1	10000.00	\N	1	2026-04-28 22:33:48.523789-05	\N	\N	\N	\N	1
68	20	20	1	4000.00	\N	1	2026-04-28 22:34:00.823403-05	\N	\N	\N	\N	1
73	16	2	4	10000.00	\N	1	2026-04-29 12:40:08.604662-05	1	2026-04-29 16:00:38.953818-05	\N	\N	1
70	21	1	3	12000.00	\N	1	2026-04-28 22:58:56.541049-05	\N	\N	\N	\N	1
71	21	25	1	22000.00	\N	1	2026-04-28 23:13:18.127901-05	\N	\N	\N	\N	1
72	21	6	1	28000.00	SIN FRIJOLES	1	2026-04-28 23:14:39.10125-05	\N	\N	\N	\N	1
69	21	20	3	4000.00	\N	1	2026-04-28 22:50:11.704421-05	1	2026-04-28 23:31:21.795985-05	\N	\N	1
74	16	3	1	8000.00	\N	1	2026-04-29 12:40:17.411128-05	\N	\N	\N	\N	1
75	16	4	1	15000.00	\N	1	2026-04-29 15:42:43.404972-05	\N	\N	\N	\N	1
76	22	1	1	12000.00	\N	1	2026-04-29 18:16:57.589479-05	\N	\N	\N	\N	1
56	16	6	3	28000.00	\N	1	2026-04-27 19:48:59-05	1	2026-04-29 15:43:05.011853-05	\N	\N	1
55	16	1	5	12000.00	\N	1	2026-04-27 19:48:59-05	1	2026-04-29 16:00:34.146875-05	\N	\N	1
77	23	3	1	8000.00	\N	1	2026-04-29 18:27:06.708052-05	\N	\N	\N	\N	1
78	23	20	1	4000.00	\N	1	2026-04-29 18:27:16.597606-05	\N	\N	\N	\N	1
80	24	19	1	8000.00	\N	1	2026-04-29 19:05:02.245158-05	\N	\N	\N	\N	1
81	24	2	1	10000.00	\N	1	2026-04-30 11:01:15.53774-05	\N	\N	\N	\N	1
79	24	1	7	12000.00	\N	1	2026-04-29 18:45:31.836666-05	1	2026-04-30 11:10:14.299703-05	\N	\N	1
82	24	4	3	15000.00	\N	1	2026-04-30 11:01:40.916591-05	1	2026-04-30 11:17:30.976599-05	\N	\N	1
83	24	3	2	8000.00	\N	1	2026-04-30 11:10:20.188018-05	1	2026-04-30 11:12:05.943044-05	\N	\N	1
86	25	20	2	4000.00	COCA-COLA	1	2026-04-30 11:20:16.323497-05	1	2026-04-30 11:20:50.288217-05	\N	\N	1
87	25	3	1	8000.00	\N	1	2026-04-30 11:21:41.162327-05	\N	\N	\N	\N	1
88	25	15	1	18000.00	\N	1	2026-04-30 11:21:52.143783-05	\N	\N	\N	\N	1
90	25	5	1	18000.00	\N	1	2026-04-30 11:22:36.769098-05	\N	\N	\N	\N	1
91	25	17	1	6000.00	\N	1	2026-04-30 11:23:22.433819-05	\N	\N	\N	\N	1
92	25	4	2	15000.00	\N	1	2026-04-30 11:23:59.571105-05	1	2026-04-30 11:24:11.246958-05	\N	\N	1
93	25	13	1	20000.00	\N	1	2026-04-30 15:08:39.385923-05	\N	\N	\N	\N	1
89	25	14	3	16000.00	\N	1	2026-04-30 11:22:15.755284-05	1	2026-04-30 15:08:46.199137-05	\N	\N	1
94	25	10	1	22000.00	\N	1	2026-04-30 15:09:11.881562-05	\N	\N	\N	\N	1
85	25	6	3	28000.00	\N	1	2026-04-30 11:19:20.702964-05	1	2026-04-30 17:25:52.528127-05	\N	\N	1
84	25	1	2	12000.00	\N	1	2026-04-30 11:18:52.036617-05	1	2026-04-30 17:26:19.272049-05	\N	\N	1
95	26	2	1	10000.00	\N	1	2026-04-30 18:22:07.363269-05	\N	\N	\N	\N	1
96	26	1	1	12000.00	\N	1	2026-04-30 18:23:07.803071-05	\N	\N	\N	\N	1
97	26	4	1	15000.00	\N	1	2026-04-30 18:23:20.705478-05	\N	\N	\N	\N	1
98	27	1	1	12000.00	\N	1	2026-04-30 18:25:33.92379-05	\N	\N	1	2026-04-30 18:25:50.49933-05	1
100	27	3	1	8000.00	\N	1	2026-04-30 18:28:03.98707-05	\N	\N	1	2026-04-30 18:28:08.176911-05	1
99	27	1	2	12000.00	\N	1	2026-04-30 18:26:02.92716-05	1	2026-04-30 18:27:58.39999-05	1	2026-04-30 18:28:12.209871-05	1
101	27	2	1	10000	SIN PLATANO	1	2026-04-30 18:38:17.683419-05	1	2026-04-30 18:38:53.402116-05	1	2026-04-30 18:39:11.543597-05	1
102	27	1	1	12000.00	\N	1	2026-05-01 09:49:24.502876-05	\N	\N	1	2026-05-01 17:27:06.073948-05	1
103	27	6	1	28000.00	\N	1	2026-05-01 09:49:33.499048-05	\N	\N	1	2026-05-01 17:27:09.858414-05	1
106	27	6	1	28000.00	\N	1	2026-05-04 09:27:56.479941-05	\N	\N	1	2026-05-04 09:28:02.799437-05	1
105	27	3	2	8000.00	\N	1	2026-05-01 17:28:56.811109-05	1	2026-05-01 17:30:25.834121-05	1	2026-05-04 09:28:42.701222-05	1
104	27	14	1	16000.00	\N	1	2026-05-01 17:27:19.379503-05	\N	\N	1	2026-05-04 09:28:45.51444-05	1
107	27	6	4	28000.00	\N	1	2026-05-04 09:36:58.112541-05	\N	\N	\N	\N	1
108	28	1	1	12000.00	\N	1	2026-05-04 20:19:10.845955-05	\N	\N	\N	\N	1
\.


--
-- TOC entry 5115 (class 0 OID 16814)
-- Dependencies: 236
-- Data for Name: Orders; Type: TABLE DATA; Schema: public; Owner: postgres
--

COPY public."Orders" ("OrderId", "TableNumber", "WaiterName", "Status", "AuditCreateUser", "AuditCreateDate", "AuditUpdateUser", "AuditUpdateDate", "AuditDeleteUser", "AuditDeleteDate", "State") FROM stdin;
1	5	María	Cerrado	1	2026-03-30 19:48:59.207-05	1	2026-03-30 19:48:59.207-05	\N	\N	1
2	12	Carlos	Cerrado	1	2026-03-31 19:48:59.207-05	1	2026-03-31 19:48:59.207-05	\N	\N	1
3	3	Andrea	Cerrado	1	2026-04-02 19:48:59.207-05	1	2026-04-02 19:48:59.207-05	\N	\N	1
4	8	María	Cerrado	1	2026-04-03 19:48:59.207-05	1	2026-04-03 19:48:59.207-05	\N	\N	1
5	1	Carlos	Cerrado	1	2026-04-05 19:48:59.207-05	1	2026-04-05 19:48:59.207-05	\N	\N	1
6	15	Julián	Cerrado	1	2026-04-07 19:48:59.207-05	1	2026-04-07 19:48:59.207-05	\N	\N	1
7	7	Andrea	Cerrado	1	2026-04-09 19:48:59.207-05	1	2026-04-09 19:48:59.207-05	\N	\N	1
8	10	María	Cerrado	1	2026-04-12 19:48:59.207-05	1	2026-04-12 19:48:59.207-05	\N	\N	1
9	2	Carlos	Cerrado	1	2026-04-15 19:48:59.207-05	1	2026-04-15 19:48:59.207-05	\N	\N	1
10	6	Julián	Cerrado	1	2026-04-17 19:48:59.207-05	1	2026-04-17 19:48:59.207-05	\N	\N	1
11	4	Andrea	Cerrado	1	2026-04-19 19:48:59.207-05	1	2026-04-19 19:48:59.207-05	\N	\N	1
12	9	María	Cerrado	1	2026-04-22 19:48:59.207-05	1	2026-04-22 19:48:59.207-05	\N	\N	1
13	11	Carlos	Entregado	1	2026-04-24 19:48:59.207-05	1	2026-04-24 19:48:59.207-05	\N	\N	1
14	3	Julián	Entregado	1	2026-04-25 19:48:59.207-05	1	2026-04-25 19:48:59.207-05	\N	\N	1
15	14	Andrea	Entregado	1	2026-04-26 19:48:59.207-05	1	2026-04-26 19:48:59.207-05	\N	\N	1
19	4	ESTEBAN	En Preparación	1	2026-04-28 22:16:01.549098-05	1	2026-04-28 22:19:06.242964-05	1	2026-04-28 22:19:20.374223-05	1
20	1	ESTEBAN MONTOYA	Cerrado	1	2026-04-28 22:20:28.91937-05	1	2026-04-28 22:37:35.475254-05	\N	\N	1
21	2	JUAN	Cerrado	1	2026-04-28 22:49:54.742089-05	1	2026-04-28 23:31:42.934208-05	\N	\N	1
18	8	Andrea	Listo	1	2026-04-27 19:28:59.21-05	1	2026-04-27 19:28:59.21-05	1	2026-04-29 18:12:37.850167-05	1
23	3	JENNIFER	Cerrado	1	2026-04-29 18:26:49.062147-05	1	2026-04-29 18:27:47.906743-05	\N	\N	1
17	12	Carlos	Listo	1	2026-04-27 19:03:59.21-05	1	2026-04-29 23:03:47.440306-05	\N	\N	1
16	5	María	Entregado	1	2026-04-27 19:18:59.21-05	1	2026-04-30 10:37:51.662328-05	\N	\N	1
22	3	XIMENA	En Preparación	1	2026-04-29 18:16:46.241433-05	1	2026-04-30 11:12:48.719253-05	\N	\N	1
24	5	JOHN DOE	En Preparación	1	2026-04-29 18:44:18.497523-05	1	2026-04-30 11:17:41.970657-05	1	2026-04-30 11:17:48.973091-05	1
25	5	JOHN DOE	En Preparación	1	2026-04-30 11:18:32.218614-05	1	2026-04-30 17:26:35.784225-05	1	2026-04-30 17:26:59.763977-05	1
26	5	JANE DOE	En Preparación	1	2026-04-30 17:27:50.324102-05	1	2026-04-30 18:23:39.086601-05	1	2026-04-30 18:23:42.659431-05	1
27	5	JANE DOE	Cerrado	1	2026-04-30 18:25:26.993351-05	1	2026-05-04 09:37:56.149064-05	\N	\N	1
28	15	JOHN DOE	Abierto	1	2026-05-04 20:18:49.98216-05	\N	\N	\N	\N	1
\.


--
-- TOC entry 5106 (class 0 OID 16693)
-- Dependencies: 227
-- Data for Name: Permissions; Type: TABLE DATA; Schema: public; Owner: postgres
--

COPY public."Permissions" ("PermissionId", "Name", "Description", "Slug", "MenuId", "State", "AuditCreateUser", "AuditCreateDate", "AuditUpdateUser", "AuditUpdateDate", "AuditDeleteUser", "AuditDeleteDate") FROM stdin;
1	CARD DE CATEGORIAS	Visualizar Card de Categorias	VIEW-CARD-CATEGORIES	1	1	1	2022-11-26 16:46:58-05	\N	\N	\N	\N
2	CARD DE PRODUCTOS	Visualizar Card de Productos	VIEW-CARD-PRODUCTS	1	1	1	2022-11-26 16:46:58-05	\N	\N	\N	\N
3	CARD DE ALMACENES	Visualizar Card de Almacenes	VIEW-CARD-WAREHOUSES	1	1	1	2022-11-26 16:46:58-05	\N	\N	\N	\N
4	CARD DE PROVEEDORES	Visualizar Card de Proveedores	VIEW-CARD-PROVIDERS	1	1	1	2022-11-26 16:46:58-05	\N	\N	\N	\N
5	CARD DE USUARIOS	Visualizar Card de Usuarios	VIEW-CARD-USERS	1	1	1	2022-11-26 16:46:58-05	\N	\N	\N	\N
6	GRAFICA DE BARRAS VERTICAL	Visualizar Grafica de Barras Vertical	VIEW-BAR-CHART	1	1	1	2022-11-26 16:46:58-05	\N	\N	\N	\N
7	GRAFICA DE PIE	Visualizar Grafica de Pie	VIEW-PIE-CHART	1	1	1	2022-11-26 16:46:58-05	\N	\N	\N	\N
8	LISTADO DE ALMACENES	Visualizar Listado de Almacenes	LIST-WAREHOUSES	2	1	1	2022-11-26 16:46:58-05	\N	\N	\N	\N
9	FILTRO DE BÚSQUEDA POR ESTADO DE ALMACÉN	Visualizar Filtro de Búsqueda por Estados de Almacén	FILTER-STATES-WAREHOUSE	2	1	1	2022-11-26 16:46:59-05	\N	\N	\N	\N
10	FILTRO POR RANGO DE FECHAS	Visualizar Filtro por Rango de Fechas	FILTER-RANGE-DATE-WAREHOUSE	2	1	1	2022-11-26 16:46:59-05	\N	\N	\N	\N
11	DESCARGA DE EXCEL DE ALMACENES	Descargar Reporte en Excel de Almacenes	DOWNLOAD-EXCEL-WAREHOUSE	2	1	1	2022-11-26 22:11:15-05	\N	\N	\N	\N
12	CREAR NUEVO ALMACÉN	Botón para Crear Nuevo Almacén	CREATE-WAREHOUSE	2	1	1	2022-11-26 22:11:15-05	\N	\N	\N	\N
13	EDITAR ALMACÉN	Botón para Editar Almacén	EDIT-WAREHOUSE	2	1	1	2022-11-26 22:11:15-05	\N	\N	\N	\N
14	ELIMINAR ALMACÉN	Botón para Eliminar Almacén	DELETE-WAREHOUSE	2	1	1	2022-11-26 22:11:15-05	\N	\N	\N	\N
15	FILTRO DE BÚSQUEDA POR TEXTO (NOMBRE)	Visualizar Filtro de Búsqueda por Texto	FILTER-TEXT-WAREHOUSE	2	1	1	2022-11-26 22:11:15-05	\N	\N	\N	\N
16	LISTADO DE CATEGORIAS	Visualizar Listado de Categorias	LIST-CATEGORIES	4	1	1	2022-11-26 22:11:15-05	\N	\N	\N	\N
17	FILTRO DE BÚSQUEDA POR ESTADO DE CATEGORÍA	Visualizar Filtro de Búsqueda por Estados de Categoría	FILTER-STATES-CATEGORY	4	1	1	2022-11-26 22:11:15-05	\N	\N	\N	\N
18	FILTRO POR RANGO DE FECHAS	Visualizar Filtro por Rango de Fechas	FILTER-RANGE-DATE-CATEGORY	4	1	1	2022-11-26 22:11:15-05	\N	\N	\N	\N
19	FILTRO DE BÚSQUEDA POR TEXTO (NOMBRE - DESCRIPCIÓN)	Visualizar Filtro de Búsqueda por Texto	FILTER-TEXT-CATEGORY	4	1	1	2022-11-26 22:11:15-05	\N	\N	\N	\N
20	DESCARGA DE EXCEL DE CATEGORIAS	Descargar Reporte en Excel de Categorias	DOWNLOAD-EXCEL-CATEGORY	4	1	1	2022-11-26 22:11:15-05	\N	\N	\N	\N
21	CREAR NUEVA CATEGORÍA	Botón para Crear Nueva Categoría	CREATE-CATEGORY	4	1	1	2022-11-26 22:11:15-05	\N	\N	\N	\N
22	EDITAR CATEGORÍA	Botón para Editar Categoría	EDIT-CATEGORY	4	1	1	2022-11-26 22:11:15-05	\N	\N	\N	\N
23	ELIMINAR CATEGORÍA	Botón para Eliminar Categoría	DELETE-CATEGORY	4	1	1	2022-11-26 22:11:15-05	\N	\N	\N	\N
24	LISTADO DE PRODUCTOS	Visualizar Listado de Productos	LIST-PRODUCTS	5	1	1	2022-11-26 22:11:15-05	\N	\N	\N	\N
25	FILTRO DE BÚSQUEDA POR ESTADO DE PRODUCTO	Visualizar Filtro de Búsqueda por Estados de Producto	FILTER-STATES-PRODUCT	5	1	1	2022-11-26 22:11:15-05	\N	\N	\N	\N
26	FILTRO POR RANGO DE FECHAS	Visualizar Filtro por Rango de Fechas	FILTER-RANGE-DATE-PRODUCT	5	1	1	2022-11-26 22:11:15-05	\N	\N	\N	\N
27	FILTRO DE BÚSQUEDA POR TEXTO (CÓDIGO - NOMBRE)	Visualizar Filtro de Búsqueda por Texto	FILTER-TEXT-PRODUCT	5	1	1	2022-11-26 22:11:15-05	\N	\N	\N	\N
28	DESCARGA DE EXCEL DE PRODUCTOS	Descargar Reporte en Excel de Productos	DOWNLOAD-EXCEL-PRODUCT	5	1	1	2022-11-26 22:11:15-05	\N	\N	\N	\N
29	CREAR NUEVO PRODUCTO	Botón para Crear Nuevo Producto	CREATE-PRODUCT	5	1	1	2022-11-26 22:11:15-05	\N	\N	\N	\N
30	EDITAR PRODUCTO	Botón para Editar Producto	EDIT-PRODUCT	5	1	1	2022-11-26 22:11:15-05	\N	\N	\N	\N
31	ELIMINAR PRODUCTO	Botón para Eliminar Producto	DELETE-PRODUCT	5	1	1	2022-11-26 22:11:15-05	\N	\N	\N	\N
32	VER STOCK ACTUAL DE PRODUCTOS POR ALMACÉN	Visualizar Stock Actual de Productos por Almacén	VIEW-STOCK-BY-WAREHOUSE	5	1	1	2022-11-26 22:11:15-05	\N	\N	\N	\N
33	LISTADO DE PROVEEDORES	Visualizar Listado de Proveedores	LIST-PROVIDERS	6	1	1	2022-11-26 22:11:15-05	\N	\N	\N	\N
34	FILTRO DE BÚSQUEDA POR ESTADO DE PROVEEDOR	Visualizar Filtro de Búsqueda por Estados de Proveedor	FILTER-STATES-PROVIDER	6	1	1	2022-11-26 22:11:15-05	\N	\N	\N	\N
35	FILTRO POR RANGO DE FECHAS	Visualizar Filtro por Rango de Fechas	FILTER-RANGE-DATE-PROVIDER	6	1	1	2022-11-26 22:11:15-05	\N	\N	\N	\N
36	FILTRO DE BÚSQUEDA POR TEXTO (NOMBRE - EMAIL - DOCUMENTO)	Visualizar Filtro de Búsqueda por Texto	FILTER-TEXT-PROVIDER	6	1	1	2022-11-26 22:11:15-05	\N	\N	\N	\N
37	DESCARGA DE EXCEL DE PROVEEDORES	Descargar Reporte en Excel de Proveedores	DOWNLOAD-EXCEL-PROVIDER	6	1	1	2022-11-26 22:11:15-05	\N	\N	\N	\N
38	CREAR NUEVO PROVEEDOR	Botón para Crear Nuevo Proveedor	CREATE-PROVIDER	6	1	1	2022-11-26 22:11:15-05	\N	\N	\N	\N
39	EDITAR PROVEEDOR	Botón para Editar Proveedor	EDIT-PROVIDER	6	1	1	2022-11-26 22:11:15-05	\N	\N	\N	\N
40	ELIMINAR PROVEEDOR	Botón para Eliminar Proveedor	DELETE-PROVIDER	6	1	1	2022-11-26 22:11:15-05	\N	\N	\N	\N
41	LISTADO DE CLIENTES	Visualizar Listado de Clientes	LIST-CLIENTS	7	1	1	2022-11-26 22:11:15-05	\N	\N	\N	\N
42	FILTRO DE BÚSQUEDA POR ESTADO DE CLIENTE	Visualizar Filtro de Búsqueda por Estados de Cliente	FILTER-STATES-CLIENT	7	1	1	2022-11-26 22:11:15-05	\N	\N	\N	\N
43	FILTRO POR RANGO DE FECHAS	Visualizar Filtro por Rango de Fechas	FILTER-RANGE-DATE-CLIENT	7	1	1	2022-11-26 22:11:15-05	\N	\N	\N	\N
44	FILTRO DE BÚSQUEDA POR TEXTO (NOMBRE - EMAIL - DOCUMENTO)	Visualizar Filtro de Búsqueda por Texto	FILTER-TEXT-CLIENT	7	1	1	2022-11-26 22:11:15-05	\N	\N	\N	\N
45	DESCARGA DE EXCEL DE CLIENTES	Descargar Reporte en Excel de Clientes	DOWNLOAD-EXCEL-CLIENT	7	1	1	2022-11-26 22:11:15-05	\N	\N	\N	\N
46	CREAR NUEVO CLIENTE	Botón para Crear Nuevo Cliente	CREATE-CLIENT	7	1	1	2022-11-26 22:11:15-05	\N	\N	\N	\N
47	EDITAR CLIENTE	Botón para Editar Cliente	EDIT-CLIENT	7	1	1	2022-11-26 22:11:15-05	\N	\N	\N	\N
48	ELIMINAR CLIENTE	Botón para Eliminar Cliente	DELETE-CLIENT	7	1	1	2022-11-26 22:11:15-05	\N	\N	\N	\N
49	LISTADO DE COMPRAS	Visualizar Listado de Compras	LIST-PURCHARSES	9	1	1	2022-11-26 22:11:15-05	\N	\N	\N	\N
50	FILTRO POR RANGO DE FECHAS	Visualizar Filtro por Rango de Fechas	FILTER-RANGE-DATE-PURCHARSE	9	1	1	2022-11-26 22:11:15-05	\N	\N	\N	\N
51	FILTRO DE BÚSQUEDA POR TEXTO (PROVEEDOR)	Visualizar Filtro de Búsqueda por Texto	FILTER-TEXT-PURCHARSE	9	1	1	2022-11-26 22:11:15-05	\N	\N	\N	\N
52	DESCARGA DE EXCEL DE COMPRAS	Descargar Reporte en Excel de Compras	DOWNLOAD-EXCEL-PURCHARSE	9	1	1	2022-11-26 22:11:15-05	\N	\N	\N	\N
53	CREAR NUEVA COMPRA	Botón para Crear Nueva Compra	CREATE-PURCHARSE	9	1	1	2022-11-26 22:11:15-05	\N	\N	\N	\N
54	ANULAR COMPRA	Botón para Anular Compra	CANCEL-PURCHARSE	9	1	1	2022-11-26 22:11:15-05	\N	\N	\N	\N
55	VER DETALLE DE COMPRA	Botón para Visualizar Detalle de Compra	VIEW-DETAIL-PURCHARSE	9	1	1	2022-11-26 22:11:15-05	\N	\N	\N	\N
56	LISTADO DE VENTAS	Visualizar Listado de Ventas	LIST-SALES	10	1	1	2022-11-26 22:11:15-05	\N	\N	\N	\N
57	FILTRO POR RANGO DE FECHAS	Visualizar Filtro por Rango de Fechas	FILTER-RANGE-DATE-SALE	10	1	1	2022-11-26 22:11:15-05	\N	\N	\N	\N
58	FILTRO DE BÚSQUEDA POR TEXTO (COMPROBANTE)	Visualizar Filtro de Búsqueda por Texto	FILTER-TEXT-SALE	10	1	1	2022-11-26 22:11:15-05	\N	\N	\N	\N
59	DESCARGA DE EXCEL DE VENTAS	Descargar Reporte en Excel de Ventas	DOWNLOAD-EXCEL-SALE	10	1	1	2022-11-26 22:11:15-05	\N	\N	\N	\N
60	CREAR NUEVA VENTA	Botón para Crear Nueva Venta	CREATE-SALE	10	1	1	2022-11-26 22:11:15-05	\N	\N	\N	\N
61	VER DETALLE DE VENTA	Botón para Visualizar Detalle de Venta	VIEW-DETAIL-SALE	10	1	1	2022-11-26 22:11:15-05	\N	\N	\N	\N
62	DESCARGAR COMPROBANTE DE VENTA	Botón para Descargar Comprobante de Venta	DOWNLOAD-VOUCHER	10	1	1	2022-11-26 22:11:15-05	\N	\N	\N	\N
63	ANULAR VENTA	Botón para Anular Venta	CANCEL-SALE	10	1	1	2022-11-26 22:11:15-05	\N	\N	\N	\N
64	LISTADO DE USUARIOS	Visualizar Listado de Usuarios	LIST-USERS	12	1	1	2022-11-26 22:11:15-05	\N	\N	\N	\N
65	FILTRO DE BÚSQUEDA POR ESTADO DE USUARIO	Visualizar Filtro de Búsqueda por Estados de Usuario	FILTER-STATES-USER	12	1	1	2022-11-26 22:11:15-05	\N	\N	\N	\N
66	FILTRO POR RANGO DE FECHAS	Visualizar Filtro por Rango de Fechas	FILTER-RANGE-DATE-USER	12	1	1	2022-11-26 22:11:15-05	\N	\N	\N	\N
67	FILTRO DE BÚSQUEDA POR TEXTO (USUARIO - EMAIL)	Visualizar Filtro de Búsqueda por Texto	FILTER-TEXT-USER	12	1	1	2022-11-26 22:11:15-05	\N	\N	\N	\N
68	DESCARGA DE EXCEL DE USUARIOS	Descargar Reporte en Excel de Usuarios	DOWNLOAD-EXCEL-USER	12	1	1	2022-11-26 22:11:15-05	\N	\N	\N	\N
69	CREAR NUEVO USUARIO	Botón para Crear Nuevo Usuario	CREATE-USER	12	1	1	2022-11-26 22:11:15-05	\N	\N	\N	\N
70	EDITAR USUARIO	Botón para Editar Usuario	EDIT-USER	12	1	1	2022-11-26 22:11:15-05	\N	\N	\N	\N
71	ELIMINAR USUARIO	Botón para Eliminar Usuario	DELETE-USER	12	1	1	2022-11-26 22:11:15-05	\N	\N	\N	\N
72	LISTADO DE ROLES	Visualizar Listado de Roles	LIST-ROLES	13	1	1	2022-11-26 22:11:15-05	\N	\N	\N	\N
73	FILTRO DE BÚSQUEDA POR ESTADO DE ROL	Visualizar Filtro de Búsqueda por Estados de Rol	FILTER-STATES-ROLE	13	1	1	2022-11-26 22:11:15-05	\N	\N	\N	\N
74	FILTRO POR RANGO DE FECHAS	Visualizar Filtro por Rango de Fechas	FILTER-RANGE-DATE-ROLE	13	1	1	2022-11-26 22:11:15-05	\N	\N	\N	\N
75	FILTRO DE BÚSQUEDA POR TEXTO (ROL)	Visualizar Filtro de Búsqueda por Texto	FILTER-TEXT-ROLE	13	1	1	2022-11-26 22:11:15-05	\N	\N	\N	\N
76	DESCARGA DE EXCEL DE ROLES	Descargar Reporte en Excel de Roles	DOWNLOAD-EXCEL-ROLE	13	1	1	2022-11-26 22:11:15-05	\N	\N	\N	\N
77	CREAR NUEVO ROL	Botón para Crear Nuevo Rol	CREATE-ROL	13	1	1	2022-11-26 22:11:15-05	\N	\N	\N	\N
78	EDITAR ROL	Botón para Editar Rol	EDIT-ROL	13	1	1	2022-11-26 22:11:15-05	\N	\N	\N	\N
79	ELIMINAR ROL	Botón para Eliminar Rol	DELETE-ROL	13	1	1	2022-11-26 22:11:15-05	\N	\N	\N	\N
80	LISTADO DE ROLES DE USUARIO	Visualizar Listado de Roles de Usuario	LIST-ROLES-USERS	15	1	1	2022-11-26 22:11:15-05	\N	\N	\N	\N
81	FILTRO DE BÚSQUEDA POR ESTADO DE ROLES DE USUARIOS	Visualizar Filtro de Búsqueda por Estados de Roles de Usuarios	FILTER-STATES-ROLES-USERS	15	1	1	2022-11-26 22:11:15-05	\N	\N	\N	\N
82	FILTRO POR RANGO DE FECHAS	Visualizar Filtro por Rango de Fechas	FILTER-RANGE-DATE-ROLES-USERS	15	1	1	2022-11-26 22:11:15-05	\N	\N	\N	\N
83	FILTRO DE BÚSQUEDA POR TEXTO (USUARIO - ROL)	Visualizar Filtro de Búsqueda por Texto	FILTER-TEXT-ROLES-USERS	15	1	1	2022-11-26 22:11:15-05	\N	\N	\N	\N
84	DESCARGA DE EXCEL DE ROLES DE USUARIOS	Descargar Reporte en Excel de Roles de Usuarios	DOWNLOAD-EXCEL-ROLES-USERS	15	1	1	2022-11-26 22:11:15-05	\N	\N	\N	\N
85	CREAR NUEVO ROL DE USUARIO	Botón para Crear Nuevo Rol de Usuario	CREATE-ROL-USER	15	1	1	2022-11-26 22:11:15-05	\N	\N	\N	\N
86	EDITAR ROL DE USUARIO	Botón para Editar Rol de Usuario	EDIT-ROL-USER	15	1	1	2022-11-26 22:11:15-05	\N	\N	\N	\N
87	ELIMINAR ROL DE USUARIO	Botón para Eliminar Rol de Usuario	DELETE-ROL-USER	15	1	1	2022-11-26 22:11:15-05	\N	\N	\N	\N
\.


--
-- TOC entry 5108 (class 0 OID 16732)
-- Dependencies: 229
-- Data for Name: RefreshTokens; Type: TABLE DATA; Schema: public; Owner: postgres
--

COPY public."RefreshTokens" ("Id", "Token", "UserId", "ExpiresOnUtc") FROM stdin;
6327bfd2-a738-4718-a441-21dee16454c1	i9v5zmEMna035ekwLwBrKOBCTKgV01EF6T0W97P1duI=	1	2026-05-04 17:01:49.210176-05
84f191bb-8a0f-41b8-adbc-caadb678b148	QFcf2xs+ewDU3whR+EnGOd9+AjwIMhjWRC3Pc5jv/As=	1	2026-05-04 18:15:54.185703-05
9d12df77-5947-47ed-8abe-5596a7e3aca1	Y6fXFFUrngcdkRYS6NmPK/mYLs9SBPXEWZO/n14eduY=	1	2026-05-04 18:22:50.518652-05
b776e13c-8c1a-49b9-91dd-a5b7593d3b20	k6SCYRalsDDcQaNydTLItWNLDu4yGvRZjngJzGgDo/U=	1	2026-05-04 19:14:23.139442-05
1714e9a0-caec-48fc-913f-85332b61673d	hks/zCDyN33LkgB3CavU4KXWesbpg2Q6JmCnTJxsj3Q=	1	2026-05-04 23:07:45.955931-05
700d8ddb-dd94-438e-8850-4b021361cb34	zYxYLbq5JqD7yNk+rEWMF0vSd63FMt+Wc74YY0Ushg8=	1	2026-05-05 03:09:33.358256-05
68fa75c8-83ce-4b09-9610-d0bf9deeef5f	6wO+6Xm9aTXxZ9kvJGK/JvqPM+BsEu8QZCwmsNOkdyU=	1	2026-05-05 08:45:20.824698-05
bfc1284f-e430-41a6-9dcf-eda1ae0dac83	dDl+jLN3rpVDrTpJFwbeBBF/obnFmRzezNByLAqnrb4=	1	2026-05-05 08:49:28.8517-05
11938a1d-32b0-47b8-902d-ff3728a3856c	6H4/Ln0NSHEHNUK3TWv/Kx3fcgLiXCB1qU6Kou/4I8Y=	1	2026-05-05 11:16:08.539117-05
85d2de2f-f45c-4e1b-b97b-8e92d7763866	A1jfCSm9m8tzxE6W2inEJLxtrSFudRqcXXck81EGGwg=	1	2026-05-05 11:26:46.560961-05
baeef0c9-d2c0-43a0-9129-b141d10c0c6c	Q9qGAl5pyJlhuTA9QCtg2qzfskBoekV1nYMzDo2MArg=	1	2026-05-05 11:47:20.293772-05
7fab2627-091e-4916-9ac2-6ef9cf758957	KMqM2gkQ9YaCITm38dF64aYERV9aOGQsc31M2mM7ejg=	1	2026-05-05 11:54:27.133028-05
73db597f-39ef-43e1-9d7e-23cc06902070	If4I8l/IacdqFiTA2Kz0RmosGYKRUEgVXW9oPVr+ZDM=	1	2026-05-05 12:25:38.311926-05
309162ee-8f7c-4867-845c-5c32532d09a7	GtzCfGR0GwZXczLfZoT1dSL4F+dTAwb/DiEun3VNf9U=	1	2026-05-05 16:03:37.743408-05
ad02edd5-05ff-45ce-943b-e8406f23a74e	T6jby2kDk1Hkn4ZK6mgjewolkW3DcdyMNgFXenXiBc4=	1	2026-05-05 19:04:47.213176-05
181747c5-ea51-479e-8ff1-10704f5cfe5b	/xEpyLNv4vuL3eSVAzk89+EcPfk0wfj/qjLerfWZhxU=	1	2026-05-05 19:40:46.293543-05
7206c49c-b291-4751-afc7-bbd8e327d440	sc3XBD3xIEu4Bl+M7zNiYHZKXHltgsbo0V28Uxw03Gc=	1	2026-05-05 19:52:35.588649-05
a36f9eff-1109-4712-87c3-da0b3869ac5d	qbkTM5VeQmwMPijBT7fgNxIBvthvbKG1zxzJAdizyvw=	1	2026-05-05 21:31:48.999058-05
40129d93-93cd-4e3e-a19f-d30ef5621e8e	+LwKTe/sOaGst5Pmqm5iJgo+WCdwGoDniuor9mc/wVk=	1	2026-05-05 21:31:50.214872-05
98bb9a94-c65b-4d7e-a841-ca003abf4910	2bTkGOimhhV1G2A6/GS+9tr/bYojrcZzVHeO6QCmRHc=	1	2026-05-05 22:12:00.383267-05
0b7c5ffd-8f42-4561-8696-d9e246735fb5	YKfkT+KT4ciM0iZd0oe+x5Su0cm9dxauUCrTwFjAmpA=	1	2026-05-05 23:17:48.332146-05
ef7dda1a-8763-4bf1-b359-1eddea81bc1e	h1cdaTqHmdYxmVc1coEhIA+MaXNra2GFVUM4OrHyu+o=	1	2026-05-06 00:03:55.387231-05
7d678c68-6483-4568-899d-1ff3c796e9a8	P8Qb/0klOe6ZlZqSPHmkEUMiAQBQ4/5HmNfeadvtQCg=	1	2026-05-06 07:01:14.318575-05
bf1f4a38-49b6-4108-85da-7c6c71b844fd	wR1E7yzaCSGKhoDg3hshsRWXh8fNt7S7sCGLFzyzFLA=	1	2026-05-06 10:44:26.565926-05
d361ca34-4b5c-4727-9ee7-0b881e781935	Wa/NPKXGp5kBl2y1DLxXn5iSl737yFKoesAH7ef0cik=	1	2026-05-06 10:47:29.570214-05
6698a599-eab3-4dbc-940a-ed65cd424f7e	RdTrVjhd76NIag2qscl2JlqXlLI6htT4ityopS5TEXA=	1	2026-05-06 11:51:33.329438-05
3d9a60e5-6bdc-4797-8f4b-c906e8fe01f3	2uwMAme57UdOdQvfI5qlJXB3pC60lMsK9Fkru46E/hY=	1	2026-05-06 12:06:24.458928-05
4fd4a06a-7971-4e58-9c55-013bc3a7b829	ASCCCabZtCq6rJzBO76duILW2QYt0XSGrORLbv93pJk=	1	2026-05-06 12:17:30.628447-05
bf8446fc-7458-45c2-be5b-b5d40a271d40	pl5CCSLoaVzDkqzrA/eNOz9I7UGnQ1uYxqUBVB9bAGQ=	1	2026-05-06 12:39:15.993149-05
b2ccb95c-5235-48d1-a925-798c24376cc6	HzFMJlWFcIM7PJQGw6c/WoE4GvbExvB7w/6zG2DzqMc=	1	2026-05-06 15:30:22.907585-05
f55c17b1-4e21-4dfe-ad92-2a291d3237f9	BJ8Mfnwg0MjQKsyVnm7v5sm8joHzrhhEYE0s5+PFlmk=	1	2026-05-06 15:56:11.459774-05
c50c7c08-fd0f-403f-ba13-0123e69bcff3	JhfFU6T9COhm/25yrzcGeGYwgBRxZWz3sOD9zIKktE0=	1	2026-05-06 17:57:24.115802-05
59d7cee4-60e7-42e3-a8cc-5905bf200183	LqwXSRh65Vw+kXEe4u4lVkOFJWE1Sj4qsTIwS3pACI4=	1	2026-05-06 18:11:30.737496-05
f861c7c5-480c-4965-9e80-dd3b9053c022	ZoWV0Fnr7UE1BnUyWDo2eSKPsAvvTjI+WaTPjnsJ300=	1	2026-05-06 18:26:20.516718-05
53251dab-6c49-4e09-b029-829f77df9220	c53rDuJA4yxEWOkv7j9iFGGO+8byR3rkoS+D4q1PCo0=	1	2026-05-06 19:38:25.047317-05
3a5bdf00-26b2-420a-ab0e-7ad9910109b7	e5Ql9Gp7+s0A637788/LqObpnkyVTyruEicPXcZaFxA=	1	2026-05-06 21:01:43.994742-05
4c68ba59-d059-47d0-884b-db7dd46147e2	vLCp+8iLAyGvMfZtIAUzTxsuc9dxSy+1R/eck5xzN3U=	1	2026-05-06 21:39:39.848019-05
3460cff2-2738-4109-961e-0e877fd0d2ae	l5PGMawUH8/aHU3ZeTbUrgFHAsjCyyP2jyeSxrcQ3Vk=	1	2026-05-06 22:45:42.327951-05
40bb0383-584c-4c19-aab2-73a77705634f	7m8e8obnUtqxhtEA4uFxCm0EJyjX47YrWLAb7vmUyN8=	1	2026-05-07 08:13:58.288032-05
54379e2a-3765-4730-abd8-70dbdbada4c2	Uflvq+c8ThU+UCEAN8HnBCZObXdXm8kNQNXOi8ALr94=	1	2026-05-07 08:17:53.265484-05
e4193b24-f4d2-4b22-98f4-7c52f065dcfe	ErgnDA5lqg75azY5up1qSeQUEHt5aeLTE/Kpj3PqbXA=	1	2026-05-07 08:41:17.319512-05
f96d7128-ea57-46a2-a745-e0ceafc4a6c2	RGahEj21wJQxpZsG/N4hHWRj6Tkr6QR8HKvz66WPszM=	1	2026-05-07 09:09:25.575521-05
da89d1f0-f7e2-4a62-bb96-605f4bb9529f	jN/Myodenfpx4DklCzctdxbMUtpjJaXJAfeQb6H7dL0=	1	2026-05-07 09:09:30.739462-05
6966fafe-9107-4169-acbb-1f655be868f7	fOYSpycl8zKV081OshFTnAKBRsaItIzv8AZCcvJJqgQ=	1	2026-05-07 09:10:48.183174-05
8b6d3c48-beef-4c65-9268-1d25a3b44fa2	aJEjeUSQw/cRCvBjcvBO78eGjmVRbO0Zv1Hg0oFU7z0=	1	2026-05-07 09:22:56.904695-05
694bca8c-9b43-4cc1-a9b9-f33af876d0ba	jkVwZMs7pZBXYZEqMrifPJ73Sgq0An38do0qPtFkqxw=	1	2026-05-07 09:39:54.259061-05
7e6d034a-0a5f-4a85-af36-c9164647f961	Kpmvb7J4aYC7WiBFuW18kZCEpz0sYm1hS3zNSW184Zo=	1	2026-05-07 10:00:31.199878-05
845ab208-0dde-46cd-af6e-09aec61a2e87	3l/rA5EQoWP1YmIg3+0nZEh7/7tesnD1AepM1/AoXLI=	1	2026-05-07 11:09:24.383858-05
7f6bff5d-77b0-49bf-a41c-9fca4c04f474	N5fn8d+0CUc3ororM3P/fSFtleRwlmu52J/a5irvWCY=	1	2026-05-07 11:34:27.831222-05
dbba8e93-7b9c-4ac1-aa3d-71f20413a303	6GimynL1srix5yBoJnG7fl5i+qIak81Xtt/G0GQt/0c=	1	2026-05-07 12:41:02.963741-05
af6f6870-0c60-4277-a797-e0cd4155a323	+2W1rs02xWQ4grygl7DbwDr/mpINRrItnRc5wxwOO9U=	1	2026-05-07 12:58:00.920308-05
cc4b60fa-a564-4418-9628-3f5772387382	BN+MQx4mrZvU8R3fovcXjlL5BuZlTXkfuouLHHlupTQ=	1	2026-05-07 13:18:22.354713-05
72444fe7-e8fc-43fd-a279-66df1ec247be	ra9cnovZUxfHmo0lKIJKhzx8BQta5E49C95JYJqiw2Q=	1	2026-05-07 14:21:35.634993-05
c4e77933-4fc6-407d-b920-fd3591932b64	lyDQv/cePN3NpeILd8/pz1Yov/nyw+esvhSdtVJyZh4=	1	2026-05-07 14:22:34.485123-05
d91ff792-14cf-4c94-bce7-c6bdea52519f	PESWKfODNOPqLWnujjiz8CmjwBGB0c6jjexyzuC6IJc=	1	2026-05-07 14:24:13.92547-05
be7c814b-a7b5-406b-abc2-f3d1892c4528	GkMn6lm8Gazfeaka/dejIuKYc7WpUJ8OivRTQZ/liyU=	1	2026-05-07 14:47:11.432792-05
df3fc026-38e4-41d2-a0d7-e14c8572d9b5	ARz3nOu0PDNqG3QL+somwFVochRMCUH///lxT5+aA54=	1	2026-05-07 14:47:17.115113-05
22812da8-c3c1-4976-8ad4-69e503f995d2	4wv/oYbw90laUK7MjyXKYP5T85sLpQFr3uTKmR+oxdY=	1	2026-05-07 15:07:55.108412-05
669ae204-943a-4b97-b7fb-dc7a2c57a81f	mnmpHKeWkiz/Ai/rImEHfoRfUZrYmuXOL5xUhqJlDpU=	1	2026-05-07 15:38:27.451564-05
6572d22c-0cff-4008-b000-cf21e1b50584	juq2ByVMh6k5lbOLy3mrs3eVrOqxJbvrO///JTTl1Ag=	1	2026-05-07 16:10:59.158313-05
ef4adbde-7871-4378-a14e-94b1e5158c23	YG6d1+P7uefwWp6doSKs2aEHO4hLtJCfvFX52S4I7kg=	1	2026-05-07 16:11:32.462264-05
ba9dee5c-8034-4c2a-90f8-e92b2b188efa	5FrWPxsCVSwVFSI6XiKogdkcJ3DISeKmrGQ3aj71mjI=	1	2026-05-07 16:11:45.515862-05
e8b1cdbd-0196-4f75-a382-1ab7d6003666	95KXQG6p5UYSK8ypCJKY2oeOhHYKgKnO/Qy9VudcvQc=	1	2026-05-07 16:21:46.609193-05
ccb7c431-484f-4863-9c76-2244b04df37d	DtMWiPhtVU/HoCfUkxMfTjByy0AOeWG2cLJFG3wwHRg=	1	2026-05-07 16:22:05.798332-05
9a4e0182-d11f-40bc-a10e-ef411d0e13e1	7yGtYdGeYsQUCEqe/vOK7qaZCQQK7IptyTnBYkQk+lU=	1	2026-05-07 16:22:09.149665-05
fa562ce5-5951-48bd-b980-62578fcbf1c7	nVz7i6l7Ph+yIuddajYQuii0tXPTI+hMK6T71eHzj3A=	1	2026-05-07 16:31:35.71395-05
bb0ba82a-702d-40db-98f7-7ff2e738ef45	RrLAmjUsMsSZM1jjrh7PzkZcC4tigOJHqJVJhiaTBS4=	1	2026-05-07 16:31:54.061099-05
1f97d58f-5f41-4830-9aea-10d0afc78921	afhs7RIjKgsGfCaMCWng9slaiKgbWK+Hu5VxYRb3ZQs=	1	2026-05-07 16:31:57.794608-05
9de90486-021f-4b27-bf4f-75376ee78591	i4kTRzy6RLyrUwXI1FOF5KGF9qvhxpcugtcD457PCTQ=	1	2026-05-07 16:32:01.443945-05
5e61a1a7-cc94-48a7-b1b8-2d43ae6b6473	amTq2Ug5opi2h7f67OV8/K1QuZPPB4n+ksaKzyTwRNY=	1	2026-05-07 16:36:28.202663-05
9f1d6a4a-ea39-4ed4-822c-70289f2c0e41	dJ8tY/oV2Dxh2sDihbQclwArdoLy1l/cBGDQYeE2e0I=	1	2026-05-07 16:36:32.790561-05
398d5e2d-8b8d-416d-9941-729e67e1938c	TXtdu+nfBKdxokONLguarvfM4vHokDQfDrO7aQOAedk=	1	2026-05-07 16:36:53.058192-05
2b873c6d-4cdd-4739-82bb-e29dcc6724f4	bbF+nlsxrMDNyfMeWr4OLr4yCuTUtB1glszR77HtzgU=	1	2026-05-07 16:36:56.941186-05
9c25404c-b9e7-478f-adb7-9bbd7449aac2	MbXTvSgl3eNZlVF26SjZ5ct3Izvz9kSj+N62mETPlvs=	1	2026-05-07 16:37:00.732256-05
3d51f4c7-5c89-49d3-819d-edaea0c52e89	zW8OMMgMVtWmpyorx7m13EuSikcn3KhpWCFkC4mQQ08=	1	2026-05-07 16:37:22.047876-05
4064d83a-c065-4929-a11b-75b7f2e72575	ElYoGFjOy2Evo/1ot/YRxQIhsJJuaqEIolPd7XB/x18=	1	2026-05-07 16:37:25.938313-05
95c34ea1-a239-47d6-afab-21733f8f8926	LTLWPDlzzeCsP87Q/CDIMCg/jQxIkS40lyMT/tBdSdM=	1	2026-05-07 16:38:45.685559-05
d63338da-c21a-4a07-b477-91cae1d97894	qnomJTZvAY+nrgYBoUGhplKX/+IWNUOh64plu7fY+rU=	1	2026-05-07 16:38:53.183017-05
64f5d088-92bf-4a22-857c-12e9f0f69095	5cu1otIVsOYOJA6P4X7OKRdQjE7ErBaU0jnFyCxzcBU=	1	2026-05-07 16:39:00.280977-05
9b6995c7-59cc-412d-9578-9a3e107b3573	VJsLJP6ECO4VtgzpPaaRmxb+9kz1RnUaBM5B+wMr2xA=	1	2026-05-07 16:41:17.345417-05
cae3730b-b8cf-448a-92ad-f457e67951d9	yMFhk9gdffOf5vVAXid0l0bJ9fY+ZujNOneKsIB/YDM=	1	2026-05-07 16:41:22.650303-05
51827792-b760-467c-a575-5f262c168479	E6MXAQQCDT734f3zi0DvwMRoAPXUwsvv2kPq/CoIAUg=	1	2026-05-07 16:41:27.584111-05
57167315-e3fa-4c36-9248-4417e0f58462	OnPMamfhUmmDZDZrztyzUL2Vo8WBe25sF3dNrhr4hAw=	1	2026-05-07 16:42:03.911149-05
59c907c6-94a8-4544-9787-e8b4be31ae44	N0AMbbjSu3P0JatI1VqijPULOc3BcBc6pc/6Nfgx27M=	1	2026-05-07 16:42:07.66052-05
667be755-6591-48e4-bd84-d737f070bfeb	rpnwEx8dI9MpCaboKZ+OWCb77dkM8Mholc9nEI6MQ14=	1	2026-05-07 16:51:19.401393-05
b3cb87c0-b8b4-455c-a824-ea411bea8ce4	dtiWlDRKsMwF2IIyjLbBGvreiG2aQjXL3oPBQFkqJx8=	1	2026-05-07 18:21:47.136951-05
a5c559c0-a448-4b1f-afdf-2b6c959e9158	ulfmO/KMiEBlWPDqsNE9VnBvCZKF0AxhZ0n6BPiAH9w=	1	2026-05-07 18:36:19.69775-05
efb0e21d-36f3-4666-bbb8-345e6da1baa8	Sk/WzUDy+rz08q3U2qLLyWwdyxMPM9uT+kEen55p+28=	1	2026-05-07 18:42:18.522218-05
52eb511d-82f4-4d44-b52c-0d2e5330254c	/Y4QZ0L1AFffcCVdBsvQeGF36yw7n43+0zxALKQ2mvA=	1	2026-05-07 19:23:06.891213-05
3451ba22-0f90-402f-b3fd-4a253a87928c	HNoSJCTf9+9FcJfUxmGJiS6/SW5yskjmCoXchxrjXEY=	1	2026-05-08 09:48:01.11962-05
e92226ad-083b-4cc3-8ca7-89a1abc20ae1	ZjMrxqW5YCmodqW7cJvFvFJqpIBHbkVYpJx/mCMFAU4=	1	2026-05-08 13:22:32.724032-05
003c555c-1a4f-492f-b735-87d3e1bd19bc	++JjRAstLy+yrUoeWOOsO4K1T4XKj2Okb3KS+cBIw54=	1	2026-05-08 13:53:00.741145-05
042d9a2c-0abe-4907-b2da-67ba67884d04	qoDlb1S0Gf509+2p6RLZBm27+ZsfkdZ/b4jOO0FNUw0=	1	2026-05-08 16:15:16.042974-05
3e284848-05c3-4a7d-a964-f61f89be4f64	kazxg70wjo/pAvSIoRyyuCpL1Nswp7TP8h/CbpF0D6Y=	1	2026-05-08 16:26:55.040101-05
c6b1f55e-730b-4e6f-abbc-1a67917a105b	RNlsZ8JSWT7vjwdTC5T32lqmSHgvZ7zOh4Nvj7UN1JQ=	1	2026-05-08 16:39:00.019246-05
a5b386e2-6667-4c38-9663-c1bd46d13415	okFCNWncu13tgOVFBsLbJ/aS+9Y617J2z5+6e4usKts=	1	2026-05-08 16:41:42.820003-05
55446ac8-bfa6-48c9-81ea-92c686992bcc	LjC2yVKoclzSel6EQPg8OoZ5lKl9YX9lonFeItb7hgw=	1	2026-05-08 16:45:29.222734-05
26fd4ef5-e2ed-49e5-9f80-77ffe4a70473	A6VsP0WWTR7BJPJbdHtu6zTtIz94LAq+GArrBPIW3iE=	1	2026-05-08 16:52:46.996161-05
9963a8d3-2485-4cea-bf47-151127605c53	jTpGj4to8Tk4m/+w9i04BK+ImJbO7Wv7z+POjiGbG6A=	1	2026-05-08 16:57:32.461073-05
f4d0690e-f374-4c63-ab8f-e0301b4b6c0e	QS/FjtGsevxa5eR9iJaGyWyJBqDoHYcXHvl1CqD/WtI=	1	2026-05-09 08:48:05.961689-05
036edd5f-824e-4a5c-a3f8-6466eadeb007	QR8sKVPTmcT9pVjjHQzLFWhZTYHvn07AEpULI3+0nWU=	1	2026-05-11 09:26:57.727769-05
1c993816-2f8a-4d1d-ac41-734df0df4f68	NQXInaoMPjjRTQAYTkHsqw78s8+xgjiYTWnVWU5RVr0=	1	2026-05-11 17:11:59.510926-05
98b85144-1ff7-4f5f-a099-2fb23c35a014	W4FKaWBDPhVPKAkHH28WzTb/dTyhzLSMgtSsdak3HPM=	1	2026-05-11 17:29:50.812151-05
aacf1614-6010-43d9-9225-2cd0f1cae7e3	H/WdDaN2aLHdTHsNKInsJ0ufvCHQZayNpPxA5KTe5vw=	1	2026-05-11 17:57:53.498188-05
85169f9e-26f5-432d-979e-459390994b27	+EeOdo5DP3R8umwp5h/nYQ+C7zkjRP6ZPN9xaueGyzo=	1	2026-05-11 18:13:51.536569-05
803ad315-f09b-4b57-8742-b9d6b6084aea	JutbucXvgqwevYgLFC+1MW1S8Tb6BJDrDp5pAhi2kuA=	1	2026-05-11 18:23:59.774033-05
2ff37412-87d6-4131-85a3-32c2fbc07399	Dcu2LCusc5ZdMZSvC1gXOW0VWPvzzPwAdUabxozy6qI=	2	2026-05-11 18:38:34.688173-05
3c4775b0-a9f0-47d2-bd7f-970b0b45472a	X62Vlc2yCFecALikzswT1AzLTbyDWRo8y+cZJTdYL2w=	1	2026-05-11 19:47:04.963175-05
ece6f007-6563-4513-9b0f-b3eb641b2642	1oXVrbS+78DfVxtK4F9BKg6YwPmxeZFhZGO4HY4Ct5o=	1	2026-05-11 20:02:47.413374-05
8c52da98-92fd-4c58-937b-39917c97dcab	7Li+AVnYNA9EcVlDX6mGZeKRiimb0mPRrEiNfsbKOJs=	1	2026-05-11 20:57:29.460284-05
fb3bdff2-f7a5-4730-872f-118811a7b2ed	yCiJAbrlV+9fofe08VSzlXDCODRSpUl09yuy+Ti/ddc=	1	2026-05-11 21:23:42.98149-05
\.


--
-- TOC entry 5111 (class 0 OID 16769)
-- Dependencies: 232
-- Data for Name: RolePermissions; Type: TABLE DATA; Schema: public; Owner: postgres
--

COPY public."RolePermissions" ("RoleId", "PermissionId", "State", "AuditCreateUser", "AuditCreateDate", "AuditUpdateUser", "AuditUpdateDate", "AuditDeleteUser", "AuditDeleteDate") FROM stdin;
2	1	1	1	2026-03-14 00:00:00-05	\N	\N	\N	\N
2	2	1	1	2026-03-14 00:00:00-05	\N	\N	\N	\N
2	3	1	1	2026-03-14 10:30:23.929501-05	\N	\N	\N	\N
2	4	1	1	2026-03-14 10:30:23.965758-05	\N	\N	\N	\N
2	5	1	1	2026-03-14 10:30:23.966276-05	\N	\N	\N	\N
2	6	1	1	2026-03-14 10:30:23.966389-05	\N	\N	\N	\N
2	7	1	1	2026-03-14 10:30:23.96645-05	\N	\N	\N	\N
2	8	1	1	2026-03-14 10:30:23.966506-05	\N	\N	\N	\N
2	9	1	1	2026-03-14 10:30:23.966585-05	\N	\N	\N	\N
2	10	1	1	2026-03-14 10:30:23.966648-05	\N	\N	\N	\N
2	11	1	1	2026-03-14 10:30:23.966712-05	\N	\N	\N	\N
2	12	1	1	2026-03-14 10:30:23.966776-05	\N	\N	\N	\N
2	13	1	1	2026-03-14 10:30:23.966823-05	\N	\N	\N	\N
2	14	1	1	2026-03-14 10:30:23.966876-05	\N	\N	\N	\N
2	15	1	1	2026-03-14 10:30:23.966922-05	\N	\N	\N	\N
2	16	1	1	2026-03-14 10:31:20.804676-05	\N	\N	\N	\N
2	17	1	1	2026-03-14 10:31:20.805144-05	\N	\N	\N	\N
2	18	1	1	2026-03-14 10:31:20.805284-05	\N	\N	\N	\N
2	19	1	1	2026-03-14 10:31:20.80533-05	\N	\N	\N	\N
2	20	1	1	2026-03-14 10:31:20.805371-05	\N	\N	\N	\N
2	21	1	1	2026-03-14 10:31:20.8054-05	\N	\N	\N	\N
2	22	1	1	2026-03-14 10:31:20.805426-05	\N	\N	\N	\N
2	23	1	1	2026-03-14 10:31:20.805483-05	\N	\N	\N	\N
2	24	1	1	2026-03-14 10:31:52.268333-05	\N	\N	\N	\N
2	25	1	1	2026-03-14 10:31:52.268582-05	\N	\N	\N	\N
2	26	1	1	2026-03-14 10:31:52.268613-05	\N	\N	\N	\N
2	27	1	1	2026-03-14 10:31:52.268641-05	\N	\N	\N	\N
2	28	1	1	2026-03-14 10:31:52.268675-05	\N	\N	\N	\N
2	29	1	1	2026-03-14 10:31:52.268739-05	\N	\N	\N	\N
2	30	1	1	2026-03-14 10:31:52.268767-05	\N	\N	\N	\N
2	31	1	1	2026-03-14 10:31:52.268792-05	\N	\N	\N	\N
2	32	1	1	2026-03-14 10:31:52.268826-05	\N	\N	\N	\N
2	64	1	1	2026-03-14 10:30:23.966976-05	\N	\N	\N	\N
2	65	1	1	2026-03-14 10:30:23.967032-05	\N	\N	\N	\N
2	66	1	1	2026-03-14 10:30:23.967093-05	\N	\N	\N	\N
2	67	1	1	2026-03-14 10:30:23.967127-05	\N	\N	\N	\N
2	68	1	1	2026-03-14 10:30:23.967188-05	\N	\N	\N	\N
2	69	1	1	2026-03-14 10:30:23.967235-05	\N	\N	\N	\N
2	70	1	1	2026-03-14 10:30:23.967278-05	\N	\N	\N	\N
2	71	1	1	2026-03-14 10:30:23.967323-05	\N	\N	\N	\N
2	72	1	1	2026-03-14 10:30:23.967389-05	\N	\N	\N	\N
2	73	1	1	2026-03-14 10:30:23.967429-05	\N	\N	\N	\N
2	74	1	1	2026-03-14 10:30:23.967473-05	\N	\N	\N	\N
2	75	1	1	2026-03-14 10:30:23.967523-05	\N	\N	\N	\N
2	76	1	1	2026-03-14 10:30:23.967609-05	\N	\N	\N	\N
2	77	1	1	2026-03-14 10:30:23.967662-05	\N	\N	\N	\N
2	78	1	1	2026-03-14 10:30:23.967789-05	\N	\N	\N	\N
2	79	1	1	2026-03-14 10:30:23.967918-05	\N	\N	\N	\N
2	80	1	1	2026-03-14 10:30:23.967985-05	\N	\N	\N	\N
2	81	1	1	2026-03-14 10:30:23.968059-05	\N	\N	\N	\N
2	82	1	1	2026-03-14 10:30:23.968108-05	\N	\N	\N	\N
2	83	1	1	2026-03-14 10:30:23.968149-05	\N	\N	\N	\N
2	84	1	1	2026-03-14 10:30:23.9682-05	\N	\N	\N	\N
2	85	1	1	2026-03-14 10:30:23.968369-05	\N	\N	\N	\N
2	86	1	1	2026-03-14 10:30:23.968418-05	\N	\N	\N	\N
2	87	1	1	2026-03-14 10:30:23.968469-05	\N	\N	\N	\N
3	64	1	1	2026-03-15 16:35:56.233082-05	\N	\N	\N	\N
3	65	1	1	2026-03-15 16:35:56.26044-05	\N	\N	\N	\N
3	66	1	1	2026-03-15 16:35:56.260618-05	\N	\N	\N	\N
3	67	1	1	2026-03-15 16:35:56.260653-05	\N	\N	\N	\N
3	68	1	1	2026-03-15 16:35:56.260674-05	\N	\N	\N	\N
3	69	1	1	2026-03-15 16:35:56.26069-05	\N	\N	\N	\N
3	70	1	1	2026-03-15 16:35:56.260707-05	\N	\N	\N	\N
3	71	1	1	2026-03-15 16:35:56.260724-05	\N	\N	\N	\N
\.


--
-- TOC entry 5102 (class 0 OID 16666)
-- Dependencies: 223
-- Data for Name: Roles; Type: TABLE DATA; Schema: public; Owner: postgres
--

COPY public."Roles" ("RoleId", "Name", "Description", "State", "AuditCreateUser", "AuditCreateDate", "AuditUpdateUser", "AuditUpdateDate", "AuditDeleteUser", "AuditDeleteDate") FROM stdin;
2	Administrador	NIVEL MUY ALTO	1	1	2025-02-04 01:28:35-05	1	2026-03-14 10:31:52.212142-05	\N	\N
3	VENDEDOR	NIVEL INTERMEDIO	1	1	2025-02-04 01:28:35-05	1	2026-03-15 16:35:56.140783-05	\N	\N
\.


--
-- TOC entry 5110 (class 0 OID 16747)
-- Dependencies: 231
-- Data for Name: UserRoles; Type: TABLE DATA; Schema: public; Owner: postgres
--

COPY public."UserRoles" ("UserRoleId", "UserId", "RoleId", "State", "AuditCreateUser", "AuditCreateDate", "AuditUpdateUser", "AuditUpdateDate", "AuditDeleteUser", "AuditDeleteDate") FROM stdin;
1	1	2	1	1	2025-02-07 19:01:23.093437-05	1	2026-03-11 12:47:40.243694-05	\N	\N
2	1	3	0	1	2025-02-07 19:41:16.683425-05	\N	\N	1	2025-02-07 19:41:34.34902-05
3	2	2	1	1	2026-03-15 16:28:26.471727-05	1	2026-05-04 18:38:21.419106-05	\N	\N
\.


--
-- TOC entry 5104 (class 0 OID 16678)
-- Dependencies: 225
-- Data for Name: Users; Type: TABLE DATA; Schema: public; Owner: postgres
--

COPY public."Users" ("UserId", "FirstName", "LastName", "Email", "Password", "State", "AuditCreateUser", "AuditCreateDate", "AuditUpdateUser", "AuditUpdateDate", "AuditDeleteUser", "AuditDeleteDate") FROM stdin;
1	admin	admin	admin@gmail.com	$2a$11$h5E20fRI13IiMXDONRFq0ulh/chTsBjO9ivRMMFiOeIxyly1kHCD.	1	1	2026-04-27 16:42:10.527331-05	\N	\N	\N	\N
2	Esteban	Montoya	estebanmontoyaherrera7@gmail.com	$2a$11$2rZyASigYyuttqZX9yUDUuYV7ftH6r3cB/g689r3cFwGgWy7GkQq6	1	1	2026-04-27 17:50:50.544477-05	1	2026-05-04 18:38:11.170718-05	\N	\N
\.


--
-- TOC entry 5098 (class 0 OID 16645)
-- Dependencies: 219
-- Data for Name: __EFMigrationsHistory; Type: TABLE DATA; Schema: public; Owner: postgres
--

COPY public."__EFMigrationsHistory" ("MigrationId", "ProductVersion") FROM stdin;
20260427211113_InitialMigration	10.0.4
20260428125016_InitialMigration	10.0.4
\.


--
-- TOC entry 5123 (class 0 OID 0)
-- Dependencies: 233
-- Name: Dishes_DishId_seq; Type: SEQUENCE SET; Schema: public; Owner: postgres
--

SELECT pg_catalog.setval('public."Dishes_DishId_seq"', 27, true);


--
-- TOC entry 5124 (class 0 OID 0)
-- Dependencies: 220
-- Name: Menus_MenuId_seq; Type: SEQUENCE SET; Schema: public; Owner: postgres
--

SELECT pg_catalog.setval('public."Menus_MenuId_seq"', 17, true);


--
-- TOC entry 5125 (class 0 OID 0)
-- Dependencies: 237
-- Name: OrderDetails_OrderDetailId_seq; Type: SEQUENCE SET; Schema: public; Owner: postgres
--

SELECT pg_catalog.setval('public."OrderDetails_OrderDetailId_seq"', 108, true);


--
-- TOC entry 5126 (class 0 OID 0)
-- Dependencies: 235
-- Name: Orders_OrderId_seq; Type: SEQUENCE SET; Schema: public; Owner: postgres
--

SELECT pg_catalog.setval('public."Orders_OrderId_seq"', 28, true);


--
-- TOC entry 5127 (class 0 OID 0)
-- Dependencies: 226
-- Name: Permissions_PermissionId_seq; Type: SEQUENCE SET; Schema: public; Owner: postgres
--

SELECT pg_catalog.setval('public."Permissions_PermissionId_seq"', 87, true);


--
-- TOC entry 5128 (class 0 OID 0)
-- Dependencies: 222
-- Name: Roles_RoleId_seq; Type: SEQUENCE SET; Schema: public; Owner: postgres
--

SELECT pg_catalog.setval('public."Roles_RoleId_seq"', 3, true);


--
-- TOC entry 5129 (class 0 OID 0)
-- Dependencies: 230
-- Name: UserRoles_UserRoleId_seq; Type: SEQUENCE SET; Schema: public; Owner: postgres
--

SELECT pg_catalog.setval('public."UserRoles_UserRoleId_seq"', 3, true);


--
-- TOC entry 5130 (class 0 OID 0)
-- Dependencies: 224
-- Name: Users_UserId_seq; Type: SEQUENCE SET; Schema: public; Owner: postgres
--

SELECT pg_catalog.setval('public."Users_UserId_seq"', 2, true);


--
-- TOC entry 4934 (class 2606 OID 16812)
-- Name: Dishes PK_Dishes; Type: CONSTRAINT; Schema: public; Owner: postgres
--

ALTER TABLE ONLY public."Dishes"
    ADD CONSTRAINT "PK_Dishes" PRIMARY KEY ("DishId");


--
-- TOC entry 4921 (class 2606 OID 16721)
-- Name: MenuRoles PK_MenuRoles; Type: CONSTRAINT; Schema: public; Owner: postgres
--

ALTER TABLE ONLY public."MenuRoles"
    ADD CONSTRAINT "PK_MenuRoles" PRIMARY KEY ("MenuId", "RoleId");


--
-- TOC entry 4910 (class 2606 OID 16664)
-- Name: Menus PK_Menus; Type: CONSTRAINT; Schema: public; Owner: postgres
--

ALTER TABLE ONLY public."Menus"
    ADD CONSTRAINT "PK_Menus" PRIMARY KEY ("MenuId");


--
-- TOC entry 4940 (class 2606 OID 16841)
-- Name: OrderDetails PK_OrderDetails; Type: CONSTRAINT; Schema: public; Owner: postgres
--

ALTER TABLE ONLY public."OrderDetails"
    ADD CONSTRAINT "PK_OrderDetails" PRIMARY KEY ("OrderDetailId");


--
-- TOC entry 4936 (class 2606 OID 16826)
-- Name: Orders PK_Orders; Type: CONSTRAINT; Schema: public; Owner: postgres
--

ALTER TABLE ONLY public."Orders"
    ADD CONSTRAINT "PK_Orders" PRIMARY KEY ("OrderId");


--
-- TOC entry 4918 (class 2606 OID 16705)
-- Name: Permissions PK_Permissions; Type: CONSTRAINT; Schema: public; Owner: postgres
--

ALTER TABLE ONLY public."Permissions"
    ADD CONSTRAINT "PK_Permissions" PRIMARY KEY ("PermissionId");


--
-- TOC entry 4925 (class 2606 OID 16740)
-- Name: RefreshTokens PK_RefreshTokens; Type: CONSTRAINT; Schema: public; Owner: postgres
--

ALTER TABLE ONLY public."RefreshTokens"
    ADD CONSTRAINT "PK_RefreshTokens" PRIMARY KEY ("Id");


--
-- TOC entry 4932 (class 2606 OID 16779)
-- Name: RolePermissions PK_RolePermissions; Type: CONSTRAINT; Schema: public; Owner: postgres
--

ALTER TABLE ONLY public."RolePermissions"
    ADD CONSTRAINT "PK_RolePermissions" PRIMARY KEY ("RoleId", "PermissionId");


--
-- TOC entry 4912 (class 2606 OID 16676)
-- Name: Roles PK_Roles; Type: CONSTRAINT; Schema: public; Owner: postgres
--

ALTER TABLE ONLY public."Roles"
    ADD CONSTRAINT "PK_Roles" PRIMARY KEY ("RoleId");


--
-- TOC entry 4929 (class 2606 OID 16758)
-- Name: UserRoles PK_UserRoles; Type: CONSTRAINT; Schema: public; Owner: postgres
--

ALTER TABLE ONLY public."UserRoles"
    ADD CONSTRAINT "PK_UserRoles" PRIMARY KEY ("UserRoleId");


--
-- TOC entry 4915 (class 2606 OID 16691)
-- Name: Users PK_Users; Type: CONSTRAINT; Schema: public; Owner: postgres
--

ALTER TABLE ONLY public."Users"
    ADD CONSTRAINT "PK_Users" PRIMARY KEY ("UserId");


--
-- TOC entry 4908 (class 2606 OID 16651)
-- Name: __EFMigrationsHistory PK___EFMigrationsHistory; Type: CONSTRAINT; Schema: public; Owner: postgres
--

ALTER TABLE ONLY public."__EFMigrationsHistory"
    ADD CONSTRAINT "PK___EFMigrationsHistory" PRIMARY KEY ("MigrationId");


--
-- TOC entry 4919 (class 1259 OID 16790)
-- Name: IX_MenuRoles_RoleId; Type: INDEX; Schema: public; Owner: postgres
--

CREATE INDEX "IX_MenuRoles_RoleId" ON public."MenuRoles" USING btree ("RoleId");


--
-- TOC entry 4937 (class 1259 OID 16852)
-- Name: IX_OrderDetails_DishId; Type: INDEX; Schema: public; Owner: postgres
--

CREATE INDEX "IX_OrderDetails_DishId" ON public."OrderDetails" USING btree ("DishId");


--
-- TOC entry 4938 (class 1259 OID 16853)
-- Name: IX_OrderDetails_OrderId; Type: INDEX; Schema: public; Owner: postgres
--

CREATE INDEX "IX_OrderDetails_OrderId" ON public."OrderDetails" USING btree ("OrderId");


--
-- TOC entry 4916 (class 1259 OID 16791)
-- Name: IX_Permissions_MenuId; Type: INDEX; Schema: public; Owner: postgres
--

CREATE INDEX "IX_Permissions_MenuId" ON public."Permissions" USING btree ("MenuId");


--
-- TOC entry 4922 (class 1259 OID 16792)
-- Name: IX_RefreshTokens_Token; Type: INDEX; Schema: public; Owner: postgres
--

CREATE UNIQUE INDEX "IX_RefreshTokens_Token" ON public."RefreshTokens" USING btree ("Token");


--
-- TOC entry 4923 (class 1259 OID 16793)
-- Name: IX_RefreshTokens_UserId; Type: INDEX; Schema: public; Owner: postgres
--

CREATE INDEX "IX_RefreshTokens_UserId" ON public."RefreshTokens" USING btree ("UserId");


--
-- TOC entry 4930 (class 1259 OID 16794)
-- Name: IX_RolePermissions_PermissionId; Type: INDEX; Schema: public; Owner: postgres
--

CREATE INDEX "IX_RolePermissions_PermissionId" ON public."RolePermissions" USING btree ("PermissionId");


--
-- TOC entry 4926 (class 1259 OID 16795)
-- Name: IX_UserRoles_RoleId; Type: INDEX; Schema: public; Owner: postgres
--

CREATE INDEX "IX_UserRoles_RoleId" ON public."UserRoles" USING btree ("RoleId");


--
-- TOC entry 4927 (class 1259 OID 16796)
-- Name: IX_UserRoles_UserId; Type: INDEX; Schema: public; Owner: postgres
--

CREATE INDEX "IX_UserRoles_UserId" ON public."UserRoles" USING btree ("UserId");


--
-- TOC entry 4913 (class 1259 OID 16797)
-- Name: IX_Users_Email; Type: INDEX; Schema: public; Owner: postgres
--

CREATE UNIQUE INDEX "IX_Users_Email" ON public."Users" USING btree ("Email");


--
-- TOC entry 4942 (class 2606 OID 16722)
-- Name: MenuRoles FK_MenuRoles_Menus_MenuId; Type: FK CONSTRAINT; Schema: public; Owner: postgres
--

ALTER TABLE ONLY public."MenuRoles"
    ADD CONSTRAINT "FK_MenuRoles_Menus_MenuId" FOREIGN KEY ("MenuId") REFERENCES public."Menus"("MenuId") ON DELETE CASCADE;


--
-- TOC entry 4943 (class 2606 OID 16727)
-- Name: MenuRoles FK_MenuRoles_Roles_RoleId; Type: FK CONSTRAINT; Schema: public; Owner: postgres
--

ALTER TABLE ONLY public."MenuRoles"
    ADD CONSTRAINT "FK_MenuRoles_Roles_RoleId" FOREIGN KEY ("RoleId") REFERENCES public."Roles"("RoleId") ON DELETE CASCADE;


--
-- TOC entry 4949 (class 2606 OID 16842)
-- Name: OrderDetails FK_OrderDetails_Dishes_DishId; Type: FK CONSTRAINT; Schema: public; Owner: postgres
--

ALTER TABLE ONLY public."OrderDetails"
    ADD CONSTRAINT "FK_OrderDetails_Dishes_DishId" FOREIGN KEY ("DishId") REFERENCES public."Dishes"("DishId") ON DELETE CASCADE;


--
-- TOC entry 4950 (class 2606 OID 16847)
-- Name: OrderDetails FK_OrderDetails_Orders_OrderId; Type: FK CONSTRAINT; Schema: public; Owner: postgres
--

ALTER TABLE ONLY public."OrderDetails"
    ADD CONSTRAINT "FK_OrderDetails_Orders_OrderId" FOREIGN KEY ("OrderId") REFERENCES public."Orders"("OrderId") ON DELETE CASCADE;


--
-- TOC entry 4941 (class 2606 OID 16706)
-- Name: Permissions FK_Permissions_Menus_MenuId; Type: FK CONSTRAINT; Schema: public; Owner: postgres
--

ALTER TABLE ONLY public."Permissions"
    ADD CONSTRAINT "FK_Permissions_Menus_MenuId" FOREIGN KEY ("MenuId") REFERENCES public."Menus"("MenuId") ON DELETE CASCADE;


--
-- TOC entry 4944 (class 2606 OID 16741)
-- Name: RefreshTokens FK_RefreshTokens_Users_UserId; Type: FK CONSTRAINT; Schema: public; Owner: postgres
--

ALTER TABLE ONLY public."RefreshTokens"
    ADD CONSTRAINT "FK_RefreshTokens_Users_UserId" FOREIGN KEY ("UserId") REFERENCES public."Users"("UserId") ON DELETE CASCADE;


--
-- TOC entry 4947 (class 2606 OID 16780)
-- Name: RolePermissions FK_RolePermissions_Permissions_PermissionId; Type: FK CONSTRAINT; Schema: public; Owner: postgres
--

ALTER TABLE ONLY public."RolePermissions"
    ADD CONSTRAINT "FK_RolePermissions_Permissions_PermissionId" FOREIGN KEY ("PermissionId") REFERENCES public."Permissions"("PermissionId") ON DELETE CASCADE;


--
-- TOC entry 4948 (class 2606 OID 16785)
-- Name: RolePermissions FK_RolePermissions_Roles_RoleId; Type: FK CONSTRAINT; Schema: public; Owner: postgres
--

ALTER TABLE ONLY public."RolePermissions"
    ADD CONSTRAINT "FK_RolePermissions_Roles_RoleId" FOREIGN KEY ("RoleId") REFERENCES public."Roles"("RoleId") ON DELETE CASCADE;


--
-- TOC entry 4945 (class 2606 OID 16759)
-- Name: UserRoles FK_UserRoles_Roles_RoleId; Type: FK CONSTRAINT; Schema: public; Owner: postgres
--

ALTER TABLE ONLY public."UserRoles"
    ADD CONSTRAINT "FK_UserRoles_Roles_RoleId" FOREIGN KEY ("RoleId") REFERENCES public."Roles"("RoleId") ON DELETE CASCADE;


--
-- TOC entry 4946 (class 2606 OID 16764)
-- Name: UserRoles FK_UserRoles_Users_UserId; Type: FK CONSTRAINT; Schema: public; Owner: postgres
--

ALTER TABLE ONLY public."UserRoles"
    ADD CONSTRAINT "FK_UserRoles_Users_UserId" FOREIGN KEY ("UserId") REFERENCES public."Users"("UserId") ON DELETE CASCADE;


-- Completed on 2026-05-04 21:38:00

--
-- PostgreSQL database dump complete
--

\unrestrict bIjzu2i9lBwDT7aHttc7Z6X2f6nHvZPgfQQ9xA6K0LbgJuPkjI9yyc3jSGwhwyh

